id_usuario,nombre,apellido,edad,sexo,tipo_documento,numero_documento,fecha_registro,mail,telefono
1,Thane,Haddinton,72,Male,documento,380527295-2,11/7/2023,thaddinton0@soup.io,749-594-2673
2,Royall,Kingsnod,70,Male,pasaporte,723454544-1,3/19/2023,rkingsnod1@blog.com,173-523-4056
3,Ansel,Haddy,30,Male,pasaporte,094750510-5,3/15/2023,ahaddy2@symantec.com,595-119-2035
4,Kaiser,Adrien,41,Male,otro,527651903-X,3/12/2023,kadrien3@myspace.com,795-224-2376
5,Sylvia,Lough,28,Female,otro,276509085-8,7/11/2023,slough4@oakley.com,690-581-1210
6,Donella,Bucknell,19,Female,documento,711850162-X,4/22/2023,dbucknell5@nifty.com,136-844-7203
7,Paddy,Gregoletti,59,Genderqueer,pasaporte,597048647-7,1/4/2023,pgregoletti6@discovery.com,690-698-4375
8,Cassy,Nitti,42,Female,pasaporte,884382682-4,10/30/2023,cnitti7@multiply.com,116-707-5474
9,Gus,Colby,31,Male,otro,854288629-1,12/1/2022,gcolby8@businessinsider.com,926-650-1278
10,Noelani,Powling,74,Agender,documento,629088047-0,2/15/2023,npowling9@tmall.com,720-537-1143
11,Lannie,Braunes,39,Male,otro,961276058-6,2/22/2023,lbraunesa@redcross.org,627-509-9843
12,Leola,Mitchinson,46,Female,pasaporte,017594326-5,11/5/2023,lmitchinsonb@arizona.edu,792-966-4786
13,Ricard,Bollum,18,Male,otro,253249103-5,11/12/2023,rbollumc@guardian.co.uk,167-185-4270
14,Marta,Thumnel,45,Female,pasaporte,380903273-5,4/12/2023,mthumneld@geocities.jp,846-141-5318
15,Fidelia,Unwins,56,Female,pasaporte,092113455-X,11/6/2023,funwinse@infoseek.co.jp,143-426-0610
16,Laurel,Pretley,21,Female,pasaporte,058616069-8,1/24/2023,lpretleyf@google.com.br,421-603-4040
17,Dew,Dahlborg,69,Male,otro,119661504-7,7/4/2023,ddahlborgg@spotify.com,886-322-0902
18,Irvin,Presslee,83,Male,otro,327016087-9,5/24/2023,ipressleeh@godaddy.com,368-937-4851
19,Kingsley,Emmins,16,Male,pasaporte,408723509-2,11/11/2023,kemminsi@jalbum.net,570-645-6743
20,Terrie,Furber,52,Female,otro,773673357-0,12/25/2022,tfurberj@cyberchimps.com,404-369-8244
21,Jasmin,Whitney,17,Female,documento,122442074-8,1/4/2023,jwhitneyk@tripod.com,493-194-4908
22,Ronalda,Cordelette,76,Genderqueer,documento,187826111-8,8/28/2023,rcordelettel@vk.com,822-566-7806
23,Caryl,Ebanks,33,Male,pasaporte,976311200-1,12/21/2022,cebanksm@hubpages.com,321-786-7324
24,Sanford,George,84,Male,otro,902780937-2,6/7/2023,sgeorgen@blogtalkradio.com,365-288-5429
25,Osborn,Shackle,74,Male,otro,425571080-5,4/29/2023,oshackleo@apache.org,262-306-7781
26,Elroy,Allsopp,60,Male,pasaporte,891563005-X,4/16/2023,eallsoppp@tumblr.com,882-262-8619
27,Rianon,Dabnor,77,Female,otro,224236572-X,11/3/2023,rdabnorq@meetup.com,867-678-5215
28,Devy,Birtonshaw,58,Male,otro,688495918-5,6/12/2023,dbirtonshawr@addthis.com,802-575-7479
29,Tynan,Gonsalo,44,Male,pasaporte,437205673-7,11/10/2023,tgonsalos@ft.com,521-596-7992
30,Reine,Fawlo,33,Female,pasaporte,816255011-9,5/25/2023,rfawlot@infoseek.co.jp,219-976-7654
31,Wenona,Bennit,18,Female,otro,110767661-4,7/21/2023,wbennitu@skyrock.com,262-153-3513
32,Etta,Warren,76,Female,pasaporte,119469236-2,6/21/2023,ewarrenv@creativecommons.org,302-128-4855
33,Irene,Povall,83,Female,pasaporte,799342046-6,2/16/2023,ipovallw@sciencedaily.com,865-377-1665
34,Modestia,Salway,39,Female,pasaporte,206209680-1,10/29/2023,msalwayx@europa.eu,446-958-5416
35,Emmy,McAllan,77,Female,otro,222263720-1,8/4/2023,emcallany@vkontakte.ru,279-247-1212
36,Sam,Kinker,85,Female,documento,320970270-5,9/14/2023,skinkerz@virginia.edu,406-143-6767
37,Lizzy,Ormistone,38,Polygender,otro,848653714-2,9/5/2023,lormistone10@eepurl.com,518-314-0925
38,Mart,Cannell,26,Male,documento,926402844-7,1/8/2023,mcannell11@ebay.co.uk,643-289-3198
39,Madelena,Pindar,38,Polygender,documento,617849129-8,1/29/2023,mpindar12@icio.us,382-477-5355
40,Delainey,Greensitt,29,Male,pasaporte,232578600-5,5/27/2023,dgreensitt13@yale.edu,170-636-8003
41,Vanna,Bernardi,58,Female,documento,112104463-8,8/24/2023,vbernardi14@github.com,343-389-1759
42,Gretchen,Newcom,75,Female,documento,556186109-3,12/8/2022,gnewcom15@dedecms.com,789-424-5711
43,Karlan,Azemar,38,Male,pasaporte,094637142-3,11/11/2023,kazemar16@gizmodo.com,847-845-7420
44,Davis,Side,19,Male,pasaporte,834974377-8,5/21/2023,dside17@bing.com,242-899-7270
45,Godart,Kausche,35,Male,otro,480114482-9,8/16/2023,gkausche18@printfriendly.com,238-196-8368
46,Cullin,Curedell,34,Male,documento,031989236-0,1/13/2023,ccuredell19@umn.edu,744-308-4114
47,Nona,Henriksson,81,Female,documento,900555550-5,2/15/2023,nhenriksson1a@skype.com,637-116-7218
48,Ursula,Mairs,72,Female,pasaporte,838314980-8,3/23/2023,umairs1b@miibeian.gov.cn,220-409-8839
49,Norry,Feifer,49,Male,documento,598405669-0,7/31/2023,nfeifer1c@umn.edu,192-930-1417
50,Grethel,Rainy,19,Female,pasaporte,844106048-7,8/10/2023,grainy1d@bigcartel.com,931-213-7318
51,Alasteir,Bernhart,26,Male,pasaporte,046575760-X,4/28/2023,abernhart1e@webeden.co.uk,667-997-2001
52,Denver,Fawlks,64,Male,documento,882915828-3,1/15/2023,dfawlks1f@theglobeandmail.com,560-631-2660
53,Maje,Piolli,43,Male,pasaporte,667489246-7,8/28/2023,mpiolli1g@senate.gov,110-127-2133
54,Kathryn,Garratty,22,Female,documento,365770661-5,1/19/2023,kgarratty1h@flavors.me,764-723-9832
55,Kordula,Bloom,20,Bigender,pasaporte,686560252-8,6/8/2023,kbloom1i@barnesandnoble.com,336-492-3716
56,Archibaldo,Monnery,80,Male,otro,039445651-3,7/8/2023,amonnery1j@ted.com,338-125-1302
57,Gar,Schindler,31,Male,documento,693882564-5,8/1/2023,gschindler1k@mapy.cz,240-136-0396
58,Roi,Dimitriou,26,Male,otro,141224862-0,11/13/2023,rdimitriou1l@bizjournals.com,556-354-6415
59,Doralyn,Barnfield,74,Female,documento,331218162-3,6/17/2023,dbarnfield1m@china.com.cn,194-748-5917
60,Nevil,Myott,43,Male,documento,026197849-7,9/16/2023,nmyott1n@linkedin.com,759-786-0493
61,Jasper,Jimenez,21,Male,documento,550088208-2,2/14/2023,jjimenez1o@census.gov,991-281-0824
62,Adolphe,Filippyev,34,Bigender,pasaporte,706441300-0,9/27/2023,afilippyev1p@bravesites.com,933-876-9698
63,Sol,Cotillard,57,Male,otro,364288681-7,10/2/2023,scotillard1q@hp.com,698-851-1898
64,Geno,Pearch,30,Male,otro,540113200-X,4/1/2023,gpearch1r@bandcamp.com,530-562-8903
65,Emilia,Martynikhin,25,Female,documento,300589298-0,1/7/2023,emartynikhin1s@shop-pro.jp,961-849-5064
66,Hermon,Challens,23,Male,documento,884455705-3,5/24/2023,hchallens1t@sun.com,755-343-7124
67,Iorgo,Waller,21,Male,otro,631113121-8,3/26/2023,iwaller1u@mit.edu,877-969-8347
68,Kirstyn,Haukey,65,Female,documento,855893972-1,9/17/2023,khaukey1v@redcross.org,276-680-7621
69,Dani,Cockson,58,Female,documento,735628552-5,3/28/2023,dcockson1w@cpanel.net,934-252-5058
70,Philippine,Piatti,78,Female,pasaporte,341708681-7,4/9/2023,ppiatti1x@miitbeian.gov.cn,832-245-7662
71,Ellwood,Bedding,38,Male,pasaporte,331425995-6,6/29/2023,ebedding1y@irs.gov,201-595-3672
72,Berky,Fancourt,28,Male,pasaporte,502805063-5,9/16/2023,bfancourt1z@abc.net.au,177-693-0489
73,Shellysheldon,Barthorpe,31,Male,otro,422661553-0,1/7/2023,sbarthorpe20@mtv.com,140-798-3364
74,Christa,Abreheart,66,Female,pasaporte,277079670-4,1/20/2023,cabreheart21@alexa.com,193-960-6563
75,Gustie,Gillivrie,39,Female,documento,593285470-7,3/23/2023,ggillivrie22@telegraph.co.uk,948-666-8194
76,Abner,Vogele,72,Non-binary,documento,671838960-9,9/18/2023,avogele23@domainmarket.com,876-743-4971
77,Suzi,Spreull,55,Female,documento,729103609-7,5/10/2023,sspreull24@tripod.com,793-862-8485
78,Scott,Milson,16,Male,pasaporte,977517768-5,5/9/2023,smilson25@hibu.com,972-900-6740
79,Cross,Ericsson,80,Male,otro,690380744-6,4/18/2023,cericsson26@ifeng.com,857-543-2117
80,Caria,Crampsy,20,Female,pasaporte,840709487-0,5/19/2023,ccrampsy27@w3.org,736-508-2875
81,Ramsey,Bonwick,85,Male,otro,917795362-2,8/14/2023,rbonwick28@surveymonkey.com,256-431-7236
82,Glendon,Willingam,29,Male,documento,602484863-3,2/12/2023,gwillingam29@mit.edu,388-804-0725
83,Kelsi,Shann,61,Female,otro,845719337-6,10/26/2023,kshann2a@deliciousdays.com,190-645-6367
84,Elysha,Kitchenside,23,Female,pasaporte,290154438-X,4/21/2023,ekitchenside2b@bing.com,862-881-9671
85,Colette,Maxwell,23,Female,pasaporte,074386641-X,1/9/2023,cmaxwell2c@yelp.com,662-264-7735
86,Genia,Mouget,56,Genderfluid,documento,950649610-2,6/7/2023,gmouget2d@bbb.org,751-938-3213
87,Diandra,Goldstraw,64,Female,documento,683472775-2,9/30/2023,dgoldstraw2e@narod.ru,372-202-0966
88,Sandra,Moulden,44,Female,documento,924025681-4,3/16/2023,smoulden2f@canalblog.com,145-916-1144
89,Otis,Franzoli,75,Male,otro,448381679-9,6/11/2023,ofranzoli2g@tmall.com,226-749-0526
90,Corri,O'Shavlan,68,Female,pasaporte,984067129-4,5/12/2023,coshavlan2h@squidoo.com,915-511-5362
91,Nettle,Milkins,81,Female,documento,304589141-1,6/3/2023,nmilkins2i@samsung.com,252-247-0058
92,Tyson,Storms,44,Male,otro,016647384-7,3/25/2023,tstorms2j@globo.com,930-321-1599
93,Kellby,Crighton,32,Male,pasaporte,813945062-6,11/11/2023,kcrighton2k@weibo.com,854-471-2225
94,Dorisa,Davidovits,59,Female,otro,277212130-5,10/27/2023,ddavidovits2l@wikia.com,971-673-5919
95,Aguste,Mulder,36,Male,pasaporte,286859654-1,7/20/2023,amulder2m@drupal.org,829-200-6068
96,Leanor,Gladding,66,Female,otro,145722747-9,11/20/2022,lgladding2n@myspace.com,528-895-5982
97,Phylis,Orrey,73,Female,pasaporte,228742063-0,10/22/2023,porrey2o@sitemeter.com,857-188-3811
98,Nappy,Aspinal,61,Genderqueer,documento,528822941-4,6/20/2023,naspinal2p@live.com,383-608-2538
99,Domeniga,Till,71,Female,pasaporte,922547890-9,7/6/2023,dtill2q@bluehost.com,904-811-3433
100,Lusa,Rendbaek,59,Female,otro,391553445-5,10/24/2023,lrendbaek2r@theguardian.com,843-640-1213
101,Valentia,Martino,39,Female,documento,377298470-3,6/11/2023,vmartino2s@deviantart.com,650-961-6178
102,Flossi,Kembery,83,Female,pasaporte,267603872-9,7/5/2023,fkembery2t@barnesandnoble.com,135-784-5456
103,Lammond,Abisetti,19,Male,otro,814150477-0,8/29/2023,labisetti2u@upenn.edu,242-747-9962
104,Stephenie,Bargh,80,Female,documento,286775777-0,8/10/2023,sbargh2v@google.fr,165-972-0711
105,Izaak,Iltchev,67,Male,documento,898222154-9,4/26/2023,iiltchev2w@nyu.edu,255-944-3714
106,Leta,Poole,82,Female,documento,182526547-X,6/6/2023,lpoole2x@reuters.com,531-423-9195
107,Nathanial,Hazeup,29,Male,pasaporte,497419415-1,5/8/2023,nhazeup2y@apple.com,999-820-7601
108,Luce,Bennet,82,Male,pasaporte,458153794-0,5/4/2023,lbennet2z@xing.com,779-492-9125
109,Aldous,Greville,59,Male,otro,992575074-1,5/11/2023,agreville30@fastcompany.com,516-484-3516
110,Max,Skeemor,76,Male,otro,247515303-2,10/5/2023,mskeemor31@scientificamerican.com,602-854-2706
111,Caroljean,Ohanessian,74,Female,pasaporte,725205141-2,9/3/2023,cohanessian32@uol.com.br,543-830-8152
112,Neall,MacCallum,18,Genderqueer,documento,267979703-5,9/23/2023,nmaccallum33@de.vu,788-671-3291
113,Cosimo,Stemp,37,Male,pasaporte,521321010-4,8/2/2023,cstemp34@nba.com,378-398-5010
114,Starlin,Cumes,48,Female,otro,580614652-9,4/30/2023,scumes35@mapquest.com,274-709-3924
115,Vic,Howie,72,Male,otro,009182505-9,2/5/2023,vhowie36@ucsd.edu,866-516-0017
116,Adler,Kornel,58,Male,pasaporte,840244820-8,9/4/2023,akornel37@about.me,830-530-4393
117,Bambi,Joscelin,38,Female,documento,710212779-0,8/9/2023,bjoscelin38@google.it,176-381-8011
118,Babbie,Sircombe,22,Female,documento,030634110-7,11/25/2022,bsircombe39@typepad.com,217-185-0108
119,Enrico,Sollett,25,Male,documento,788727935-6,11/3/2023,esollett3a@si.edu,349-711-3266
120,Renaldo,Gabel,45,Male,otro,940833328-4,1/22/2023,rgabel3b@si.edu,904-332-6162
121,Wheeler,Dealtry,53,Male,otro,827725311-7,10/3/2023,wdealtry3c@newsvine.com,248-354-2289
122,Mendy,Berget,35,Polygender,documento,809633296-1,8/14/2023,mberget3d@hibu.com,495-435-7656
123,Ward,Athy,39,Male,documento,156065320-5,7/13/2023,wathy3e@samsung.com,711-306-6972
124,Janean,Jillard,39,Female,otro,909046222-8,7/11/2023,jjillard3f@wordpress.com,338-902-5532
125,Janith,Cansdill,42,Bigender,otro,548500517-9,3/6/2023,jcansdill3g@freewebs.com,981-986-4970
126,Benedick,Edess,49,Male,documento,937369472-3,11/13/2023,bedess3h@twitpic.com,150-664-8070
127,Riane,Castellanos,79,Female,pasaporte,136401384-3,3/14/2023,rcastellanos3i@wordpress.com,788-402-3038
128,Richart,Allner,65,Male,otro,854904943-3,7/26/2023,rallner3j@last.fm,229-932-9263
129,Archer,Garment,82,Male,pasaporte,922192785-7,4/7/2023,agarment3k@ow.ly,899-162-5243
130,Zia,Simants,32,Polygender,otro,447050057-7,2/20/2023,zsimants3l@foxnews.com,444-330-4000
131,Ranee,Fullman,43,Female,documento,088416408-X,9/29/2023,rfullman3m@1und1.de,856-585-2358
132,Orion,Cursey,32,Male,pasaporte,308469753-1,9/8/2023,ocursey3n@google.com.hk,959-519-0138
133,Cherice,Hosby,63,Female,documento,794194703-X,3/23/2023,chosby3o@toplist.cz,863-508-2798
134,Derek,Exton,28,Male,pasaporte,584926245-8,12/9/2022,dexton3p@aboutads.info,509-978-9686
135,Ollie,Field,48,Male,pasaporte,183881220-2,5/31/2023,ofield3q@forbes.com,453-173-2660
136,Alie,Sayce,68,Non-binary,documento,553189750-2,9/25/2023,asayce3r@naver.com,112-197-7242
137,Karen,Jerrome,38,Female,documento,806138668-2,11/19/2022,kjerrome3s@geocities.com,960-914-4927
138,Daffi,Letertre,42,Female,otro,880790419-5,1/22/2023,dletertre3t@craigslist.org,480-863-6385
139,Sylas,Treffrey,21,Male,otro,883296654-9,12/19/2022,streffrey3u@cam.ac.uk,373-201-8689
140,Eliot,Smorthwaite,18,Male,otro,578633347-7,11/25/2022,esmorthwaite3v@printfriendly.com,371-917-0180
141,Roberta,Fleury,31,Female,otro,753280602-2,6/21/2023,rfleury3w@hostgator.com,311-249-4888
142,Hube,Depport,74,Male,pasaporte,491077883-7,10/29/2023,hdepport3x@de.vu,790-680-7475
143,Abbey,Pipet,19,Female,pasaporte,104462677-1,1/19/2023,apipet3y@ustream.tv,339-892-2623
144,Sacha,Cuncarr,68,Female,pasaporte,838562368-X,6/29/2023,scuncarr3z@hibu.com,448-781-8472
145,Farand,Schoffel,60,Female,otro,209467240-9,2/10/2023,fschoffel40@chron.com,221-613-4802
146,Carlo,Letchmore,83,Male,pasaporte,606798283-8,2/6/2023,cletchmore41@mysql.com,292-360-5000
147,Tressa,Morecomb,63,Polygender,otro,332863342-1,10/26/2023,tmorecomb42@i2i.jp,741-512-1656
148,Corina,Beddin,55,Female,documento,562949087-7,8/1/2023,cbeddin43@aol.com,655-259-7562
149,Antonino,Dell'Abbate,85,Male,pasaporte,409495185-7,6/17/2023,adellabbate44@google.nl,928-771-2200
150,Peirce,Bugdale,29,Male,documento,956486389-9,3/10/2023,pbugdale45@netscape.com,934-839-3925
151,Isabeau,Heel,28,Female,pasaporte,287892511-4,5/19/2023,iheel46@cbc.ca,527-213-9544
152,Willem,Jerzyk,32,Male,otro,309349858-9,6/24/2023,wjerzyk47@nyu.edu,793-187-7118
153,Dudley,Werndly,62,Male,otro,031272476-4,1/22/2023,dwerndly48@cbslocal.com,118-521-5337
154,Livvie,Dovydenas,32,Female,pasaporte,217030316-2,5/14/2023,ldovydenas49@rambler.ru,515-396-6914
155,Glynn,MacCartan,75,Male,documento,007229246-6,8/6/2023,gmaccartan4a@cargocollective.com,371-817-4548
156,Nevin,McGrory,75,Male,documento,620584440-0,12/10/2022,nmcgrory4b@opera.com,411-404-7545
157,Margarethe,Lippitt,38,Female,documento,305920339-3,8/8/2023,mlippitt4c@eepurl.com,551-676-4976
158,Alaric,Kimberly,38,Male,documento,962384829-3,12/12/2022,akimberly4d@google.ca,449-538-9907
159,Amelina,Casarili,41,Female,documento,744097600-2,12/3/2022,acasarili4e@reference.com,819-570-5590
160,Katey,Gale,69,Female,documento,236002227-X,9/21/2023,kgale4f@dailymotion.com,372-303-9782
161,Brian,Connochie,24,Male,pasaporte,903831892-8,9/14/2023,bconnochie4g@seesaa.net,204-286-8765
162,Mylo,Klaaasen,70,Male,documento,953031723-9,11/9/2023,mklaaasen4h@salon.com,999-105-7174
163,Petronilla,Caldwell,22,Female,documento,196916684-3,7/1/2023,pcaldwell4i@miitbeian.gov.cn,793-539-0916
164,Crissy,Baldacchi,52,Female,pasaporte,262859492-7,6/7/2023,cbaldacchi4j@bigcartel.com,253-644-5811
165,Birgitta,Riddler,51,Female,pasaporte,919129861-X,7/2/2023,briddler4k@dyndns.org,731-418-4093
166,Melamie,Batkin,43,Female,pasaporte,933367280-X,7/18/2023,mbatkin4l@microsoft.com,547-645-0940
167,Cathleen,Dickons,25,Female,otro,552829694-3,5/23/2023,cdickons4m@qq.com,459-689-9604
168,Beilul,Rimmington,55,Female,otro,063979212-X,1/25/2023,brimmington4n@yandex.ru,729-623-9750
169,Ernst,Laise,46,Male,otro,147009530-0,2/24/2023,elaise4o@biglobe.ne.jp,427-732-0836
170,Cariotta,Vicar,68,Female,otro,094871178-7,12/12/2022,cvicar4p@cbsnews.com,112-180-5609
171,Perle,Currao,52,Female,pasaporte,933148294-9,7/23/2023,pcurrao4q@nps.gov,656-736-6397
172,Sephira,Addionizio,69,Female,pasaporte,589729723-1,1/1/2023,saddionizio4r@jugem.jp,282-780-0285
173,Brinna,Andrus,84,Female,documento,906632983-1,12/14/2022,bandrus4s@columbia.edu,136-591-4223
174,Darcy,Willison,24,Male,otro,378510850-8,9/29/2023,dwillison4t@house.gov,876-797-3075
175,Lorilee,Colliford,39,Bigender,otro,251991665-6,8/3/2023,lcolliford4u@businesswire.com,826-921-2291
176,Tessy,Reynard,19,Female,documento,191245085-2,9/1/2023,treynard4v@google.cn,422-353-4100
177,Joyann,Tunuy,72,Female,documento,395485544-5,7/18/2023,jtunuy4w@apache.org,401-811-5778
178,Dorisa,Gownge,24,Female,documento,327686213-1,9/22/2023,dgownge4x@geocities.com,180-364-6505
179,Gavra,Drust,23,Female,documento,170642884-7,1/24/2023,gdrust4y@abc.net.au,351-341-8411
180,Alica,Careless,62,Female,pasaporte,962645059-2,11/27/2022,acareless4z@qq.com,527-301-8507
181,Lolita,Holt,39,Female,documento,420152683-6,7/3/2023,lholt50@pbs.org,701-774-8021
182,Tiffany,Welbeck,62,Female,documento,568116421-7,3/27/2023,twelbeck51@stanford.edu,320-675-0632
183,Ofilia,Gilardone,35,Non-binary,pasaporte,080856431-5,5/6/2023,ogilardone52@geocities.com,565-923-2450
184,Vasily,Tredget,36,Male,pasaporte,664616009-0,12/30/2022,vtredget53@huffingtonpost.com,329-342-2189
185,Hermine,Dutnall,34,Female,otro,728073169-4,4/2/2023,hdutnall54@usatoday.com,246-256-5347
186,Mair,Brickhill,85,Female,otro,294521308-7,5/19/2023,mbrickhill55@tinypic.com,453-112-1575
187,Karie,Northleigh,27,Female,otro,349381719-3,11/7/2023,knorthleigh56@cdbaby.com,374-461-9229
188,Lanny,Babalola,82,Male,documento,427780545-0,5/15/2023,lbabalola57@php.net,272-868-4322
189,Romola,Monckton,51,Female,pasaporte,666484001-4,3/21/2023,rmonckton58@nationalgeographic.com,503-715-4031
190,Briggs,Elia,26,Male,pasaporte,799609554-X,8/13/2023,belia59@godaddy.com,559-341-7353
191,Grantley,Chesshyre,65,Male,documento,864566523-9,11/8/2023,gchesshyre5a@house.gov,523-443-0854
192,Pammy,Fieldstone,46,Female,documento,337496797-3,12/11/2022,pfieldstone5b@webmd.com,489-538-3474
193,Cary,Capron,37,Male,pasaporte,582288095-9,11/16/2022,ccapron5c@ow.ly,838-878-4333
194,Mathias,Fairburn,81,Male,pasaporte,546762083-5,4/17/2023,mfairburn5d@archive.org,581-914-8187
195,Janey,Richter,50,Non-binary,documento,112965862-7,4/14/2023,jrichter5e@imageshack.us,938-440-4788
196,Reeva,Dougill,32,Female,otro,013589277-5,4/18/2023,rdougill5f@symantec.com,687-848-0121
197,Nita,Possell,78,Genderfluid,documento,853462129-2,1/26/2023,npossell5g@ezinearticles.com,677-441-6190
198,Sayres,Feldhammer,27,Male,otro,822360970-3,9/5/2023,sfeldhammer5h@opera.com,770-416-1467
199,Mirabel,Flintoff,83,Female,otro,337413890-X,9/2/2023,mflintoff5i@shop-pro.jp,687-296-7167
200,Thibaut,Goscomb,61,Genderqueer,documento,944881593-X,4/13/2023,tgoscomb5j@wikipedia.org,640-612-7746
201,Staford,Caulier,82,Male,otro,434357382-6,5/2/2023,scaulier5k@g.co,377-205-5701
202,Deana,Sargeaunt,19,Female,pasaporte,515285860-6,4/30/2023,dsargeaunt5l@icio.us,484-112-6253
203,Carlene,Sifflett,85,Female,otro,375940286-0,1/27/2023,csifflett5m@whitehouse.gov,256-439-7526
204,Tommie,Toping,54,Male,documento,708691381-2,1/11/2023,ttoping5n@sitemeter.com,545-887-8670
205,Rollo,Parsonson,48,Male,documento,912793343-1,10/11/2023,rparsonson5o@stanford.edu,607-163-2481
206,Don,MacNucator,40,Male,documento,981481904-2,2/20/2023,dmacnucator5p@ftc.gov,664-840-5640
207,Wilek,Marrett,33,Male,pasaporte,794328078-4,4/25/2023,wmarrett5q@nyu.edu,438-695-9945
208,Bev,Leeuwerink,70,Male,otro,581760375-6,11/9/2023,bleeuwerink5r@amazon.com,416-264-4691
209,Lacie,Bowlesworth,51,Female,pasaporte,185213733-9,12/9/2022,lbowlesworth5s@ehow.com,517-309-8234
210,Emilia,Aberhart,79,Female,otro,440284501-7,4/27/2023,eaberhart5t@parallels.com,141-386-5626
211,Jeramie,Whitehair,51,Male,documento,247988417-1,9/9/2023,jwhitehair5u@opensource.org,524-467-2872
212,Brandais,Barbier,27,Female,pasaporte,571630063-4,3/4/2023,bbarbier5v@ft.com,134-872-8254
213,Randi,Sturridge,52,Male,otro,610247131-8,10/5/2023,rsturridge5w@quantcast.com,315-105-4867
214,Lewiss,Necrews,37,Male,otro,403831579-7,6/5/2023,lnecrews5x@drupal.org,471-867-1311
215,Sheila-kathryn,Rickeard,81,Female,documento,212507459-1,9/21/2023,srickeard5y@vistaprint.com,447-151-8439
216,Berti,Ivie,66,Female,documento,007850358-2,10/12/2023,bivie5z@cbslocal.com,944-688-1162
217,Giacobo,Roddan,53,Male,pasaporte,316357490-4,4/23/2023,groddan60@indiegogo.com,873-404-6669
218,Walden,Huntley,25,Male,pasaporte,593993558-3,7/9/2023,whuntley61@sciencedirect.com,471-315-1327
219,Charmine,Bestwall,72,Female,documento,114928907-4,6/29/2023,cbestwall62@posterous.com,619-901-1059
220,Sherri,MacCurley,28,Female,documento,485713201-X,1/2/2023,smaccurley63@yahoo.com,580-208-4052
221,Olympia,Logsdail,29,Female,pasaporte,756335368-2,3/9/2023,ologsdail64@studiopress.com,981-561-0724
222,Billy,Stawell,64,Male,otro,902924220-5,11/30/2022,bstawell65@ca.gov,155-694-7169
223,Ferdy,Cobbold,45,Male,documento,398096570-8,11/24/2022,fcobbold66@networksolutions.com,383-344-4089
224,Raina,Belchamber,50,Female,pasaporte,835026580-9,2/16/2023,rbelchamber67@google.com.br,743-166-0057
225,Ailina,Olyonov,27,Female,pasaporte,422758743-3,1/23/2023,aolyonov68@sohu.com,409-343-4725
226,Nonnah,McAllester,48,Female,documento,775237240-4,9/29/2023,nmcallester69@timesonline.co.uk,174-121-0906
227,Karyl,Dundridge,33,Female,otro,850939579-9,4/17/2023,kdundridge6a@google.cn,633-874-3400
228,Sasha,Ferrolli,49,Female,documento,583147648-0,7/17/2023,sferrolli6b@youtube.com,986-537-1708
229,Kristyn,Petersen,70,Female,documento,612882114-6,7/20/2023,kpetersen6c@vkontakte.ru,571-399-4328
230,Colline,Alldread,52,Genderfluid,otro,228894377-7,3/24/2023,calldread6d@naver.com,179-837-7155
231,Ingemar,Becconsall,59,Male,otro,002991934-7,2/24/2023,ibecconsall6e@bloglines.com,523-194-2988
232,Dorice,Sedgwick,70,Female,pasaporte,241387092-X,11/4/2023,dsedgwick6f@sciencedaily.com,935-259-9231
233,Catlaina,Cullagh,50,Female,otro,201943548-9,4/9/2023,ccullagh6g@tripod.com,648-810-7466
234,Marcel,Stiller,38,Male,pasaporte,019902592-4,5/19/2023,mstiller6h@woothemes.com,597-802-8985
235,Dew,McLise,39,Male,documento,276625047-6,3/14/2023,dmclise6i@usgs.gov,202-623-6894
236,Wynnie,Baddiley,68,Female,documento,408409140-5,5/4/2023,wbaddiley6j@apple.com,186-961-3455
237,Audrey,Teaze,46,Female,otro,028559351-X,8/14/2023,ateaze6k@economist.com,168-714-9648
238,Verene,Spittall,20,Female,pasaporte,617034972-7,10/17/2023,vspittall6l@slideshare.net,871-651-7968
239,Bronnie,Iwanicki,53,Male,documento,629942182-7,7/29/2023,biwanicki6m@cloudflare.com,593-490-0343
240,Halley,Haughian,26,Female,otro,451503079-5,10/26/2023,hhaughian6n@typepad.com,905-428-7865
241,Marjie,Kelloway,35,Female,pasaporte,120108529-2,11/11/2023,mkelloway6o@gmpg.org,865-478-1540
242,Trixy,Darmody,30,Female,otro,011725115-1,11/27/2022,tdarmody6p@sogou.com,755-125-6497
243,Solly,Skettles,55,Male,pasaporte,323534405-5,1/28/2023,sskettles6q@google.com.hk,212-120-2299
244,Rollie,Severs,75,Male,otro,236572309-8,9/3/2023,rsevers6r@blogs.com,780-588-6288
245,Chloe,Ferrettino,33,Female,documento,701507451-6,9/10/2023,cferrettino6s@hatena.ne.jp,139-124-8192
246,Harrie,Deesly,84,Agender,pasaporte,797688271-6,11/6/2023,hdeesly6t@newyorker.com,822-450-3910
247,Christine,Droghan,42,Female,pasaporte,143509932-X,9/20/2023,cdroghan6u@qq.com,565-330-8801
248,Rosana,Sergison,53,Female,documento,754783935-5,9/8/2023,rsergison6v@independent.co.uk,349-773-9936
249,Janessa,Layfield,42,Bigender,documento,709343946-2,4/6/2023,jlayfield6w@latimes.com,861-990-7832
250,Alene,Chennells,23,Female,documento,080542552-7,7/24/2023,achennells6x@twitpic.com,432-904-8110
251,Danny,Scala,25,Male,pasaporte,620531964-0,1/18/2023,dscala6y@soup.io,739-225-7121
252,Nichol,Northwood,85,Female,documento,299344266-X,7/30/2023,nnorthwood6z@jimdo.com,910-547-6862
253,Roderic,Jonke,72,Male,documento,944889689-1,5/28/2023,rjonke70@wsj.com,516-891-4706
254,Raff,Reyes,18,Bigender,pasaporte,776506428-2,6/17/2023,rreyes71@ucla.edu,259-639-4989
255,Timoteo,Crehan,57,Male,otro,359042514-8,8/21/2023,tcrehan72@sakura.ne.jp,612-161-5546
256,Blythe,Johananov,82,Female,pasaporte,021856170-9,2/4/2023,bjohananov73@simplemachines.org,482-592-2041
257,Vilhelmina,Stevani,49,Female,documento,623630882-9,1/13/2023,vstevani74@reddit.com,699-389-0573
258,Reena,Bloyes,49,Female,otro,184400867-3,5/26/2023,rbloyes75@usda.gov,577-173-0674
259,Hube,Crannell,80,Male,documento,812086339-9,9/21/2023,hcrannell76@google.com.hk,367-381-1803
260,Eugenie,Aries,18,Female,pasaporte,838822723-8,9/17/2023,earies77@blogs.com,961-147-6256
261,Ginger,Deares,73,Male,documento,633311487-1,11/12/2023,gdeares78@slate.com,420-357-2695
262,Patten,West,41,Male,pasaporte,003933825-8,12/15/2022,pwest79@blogtalkradio.com,272-213-1460
263,Milli,Hulcoop,32,Female,documento,787575174-8,9/15/2023,mhulcoop7a@baidu.com,185-652-4412
264,Patsy,Alejo,79,Male,otro,200261461-X,3/30/2023,palejo7b@wikispaces.com,105-158-2803
265,Noreen,Barnwall,67,Female,documento,121761001-4,6/11/2023,nbarnwall7c@wufoo.com,316-176-7024
266,Herschel,MacCallum,28,Polygender,otro,382041279-4,11/7/2023,hmaccallum7d@yellowbook.com,969-329-3533
267,Abdel,McDool,15,Male,pasaporte,095421481-1,10/1/2023,amcdool7e@lycos.com,151-331-0519
268,Rita,Iacovides,55,Female,otro,948203352-3,5/20/2023,riacovides7f@ucsd.edu,425-766-8393
269,Dame,Matokhnin,60,Male,otro,400350949-8,1/5/2023,dmatokhnin7g@bizjournals.com,245-398-0915
270,Gunner,Woolacott,63,Male,otro,498473306-3,11/6/2023,gwoolacott7h@hp.com,562-775-2259
271,Aguie,Jacobowicz,46,Male,otro,577913728-5,10/26/2023,ajacobowicz7i@fotki.com,457-352-4781
272,Kirsti,Durdle,47,Female,pasaporte,953092900-5,2/17/2023,kdurdle7j@rambler.ru,194-363-4958
273,Bernhard,De Lacey,21,Male,otro,550197902-0,7/27/2023,bdelacey7k@delicious.com,311-325-5056
274,Kenton,Ripley,59,Male,pasaporte,756187570-3,12/13/2022,kripley7l@epa.gov,505-239-2454
275,Margie,Vicarey,22,Female,otro,029561742-X,2/13/2023,mvicarey7m@facebook.com,103-242-3156
276,Nikola,Arens,26,Male,documento,023519632-0,5/13/2023,narens7n@spiegel.de,279-203-8252
277,Tawnya,Matisse,36,Female,otro,159847273-9,7/11/2023,tmatisse7o@berkeley.edu,952-543-5718
278,Demetris,Viggers,84,Male,otro,578307764-X,2/8/2023,dviggers7p@netscape.com,968-316-1078
279,Daren,Pentlow,82,Male,documento,603299458-9,12/2/2022,dpentlow7q@cdc.gov,805-194-4116
280,Michele,Brimfield,42,Male,documento,194316691-9,7/7/2023,mbrimfield7r@theatlantic.com,722-681-9691
281,Dallis,Bycraft,30,Male,documento,482069760-9,2/15/2023,dbycraft7s@wisc.edu,631-563-8905
282,Farly,Varvell,47,Bigender,documento,012966337-9,2/9/2023,fvarvell7t@mlb.com,605-415-0826
283,Kerby,Skyner,59,Male,pasaporte,113787149-0,4/28/2023,kskyner7u@cocolog-nifty.com,419-249-1595
284,Stevana,Rich,55,Female,documento,977208945-9,9/3/2023,srich7v@icio.us,478-570-9403
285,Elberta,Pieracci,66,Female,pasaporte,579778488-2,8/4/2023,epieracci7w@intel.com,631-542-4163
286,Gary,Cabrera,28,Male,documento,603912470-9,5/19/2023,gcabrera7x@live.com,156-239-5620
287,Iggie,Tidman,55,Male,otro,556588713-5,2/26/2023,itidman7y@narod.ru,111-283-0477
288,Heda,Escott,55,Female,pasaporte,205550899-7,8/26/2023,hescott7z@ovh.net,260-818-8694
289,Marthena,Gabbitus,52,Female,documento,868302266-8,5/16/2023,mgabbitus80@sciencedirect.com,209-748-1120
290,Darline,Cluett,59,Female,documento,748462651-1,4/19/2023,dcluett81@blogger.com,821-142-3414
291,Ford,Spearing,37,Male,otro,609252565-8,8/15/2023,fspearing82@symantec.com,137-372-0935
292,Nerte,Porte,17,Female,otro,460749769-X,9/22/2023,nporte83@histats.com,582-401-0447
293,Brooke,Gilogly,75,Male,documento,392392554-9,12/10/2022,bgilogly84@parallels.com,494-895-4623
294,Charla,Ghiroldi,84,Female,otro,496261703-6,12/21/2022,cghiroldi85@utexas.edu,866-960-2046
295,Hussein,Rugieri,19,Male,otro,361127363-5,4/28/2023,hrugieri86@bing.com,155-630-2988
296,Dean,Bims,80,Genderfluid,documento,442954224-4,1/13/2023,dbims87@vistaprint.com,464-117-1255
297,Ramsay,Mardy,66,Male,pasaporte,366644467-9,3/8/2023,rmardy88@usgs.gov,253-675-9461
298,Alfy,McCook,48,Agender,pasaporte,487452420-6,10/22/2023,amccook89@google.es,173-433-9530
299,Leslie,Speedin,65,Female,documento,739512108-2,3/27/2023,lspeedin8a@goodreads.com,838-485-3519
300,Virgie,Broadis,79,Female,documento,023689085-9,3/28/2023,vbroadis8b@nsw.gov.au,385-202-1884
301,Clayborne,Clampett,63,Male,otro,932159673-9,11/7/2023,cclampett8c@nytimes.com,563-543-0209
302,Galina,Tooley,30,Female,pasaporte,228816943-5,11/22/2022,gtooley8d@hud.gov,551-677-0921
303,Benn,Brisse,84,Male,documento,089999712-0,1/24/2023,bbrisse8e@oracle.com,550-566-4591
304,Jedidiah,Rubanenko,21,Male,documento,825878650-4,8/13/2023,jrubanenko8f@sfgate.com,221-112-7500
305,Calida,Penrose,27,Female,pasaporte,625747567-8,7/23/2023,cpenrose8g@dropbox.com,876-644-3834
306,Frasco,Haensel,56,Male,otro,411662451-9,7/13/2023,fhaensel8h@bbc.co.uk,237-148-9609
307,Archambault,Wickwar,53,Male,documento,776312946-8,11/5/2023,awickwar8i@cloudflare.com,183-435-1779
308,Morton,Rembrant,68,Male,documento,651754684-7,11/24/2022,mrembrant8j@eepurl.com,918-433-2665
309,Justina,Spragge,23,Female,pasaporte,127138984-3,9/1/2023,jspragge8k@comcast.net,632-503-5458
310,Audrie,Pudan,35,Agender,pasaporte,474881953-7,6/25/2023,apudan8l@moonfruit.com,874-963-8030
311,Kym,Stutter,28,Female,pasaporte,986090687-4,10/20/2023,kstutter8m@ocn.ne.jp,681-759-3059
312,Rutherford,Ciccoloi,54,Male,documento,411428124-X,3/5/2023,rciccoloi8n@youtube.com,650-952-0308
313,Kris,Birkmyr,76,Female,otro,694278272-6,1/25/2023,kbirkmyr8o@altervista.org,339-925-5509
314,Xaviera,Siburn,62,Female,documento,318250995-0,12/14/2022,xsiburn8p@blinklist.com,458-512-2317
315,Killie,Fairn,28,Male,pasaporte,228540432-8,5/30/2023,kfairn8q@umn.edu,275-757-4578
316,Helenelizabeth,Drabble,72,Female,otro,266583711-0,2/26/2023,hdrabble8r@nbcnews.com,616-541-1014
317,Justine,Mechell,46,Female,documento,168572365-9,1/11/2023,jmechell8s@purevolume.com,929-728-6084
318,Tremain,Stickells,34,Male,pasaporte,094927202-7,3/13/2023,tstickells8t@cam.ac.uk,534-206-3062
319,Kerry,O' Donohoe,68,Female,pasaporte,627860111-7,12/26/2022,kodonohoe8u@hud.gov,212-703-8269
320,Giulio,Loffhead,81,Genderfluid,otro,983528904-2,9/30/2023,gloffhead8v@adobe.com,927-440-7022
321,Olly,Engeham,58,Female,pasaporte,613722375-2,3/13/2023,oengeham8w@epa.gov,200-201-8617
322,Thorsten,Stearnes,71,Male,documento,117824044-4,8/5/2023,tstearnes8x@miitbeian.gov.cn,742-559-8327
323,Dori,Deeming,34,Female,pasaporte,412709453-2,9/14/2023,ddeeming8y@mac.com,219-453-5973
324,Zsa zsa,O'Dunniom,43,Female,pasaporte,880092511-1,11/17/2022,zodunniom8z@springer.com,178-135-5716
325,Terri,Durban,54,Male,otro,315538104-3,9/28/2023,tdurban90@gnu.org,350-811-5662
326,Sallyann,Dinsdale,73,Female,otro,700998969-9,10/12/2023,sdinsdale91@mediafire.com,438-903-8092
327,Carlen,Duthie,78,Female,documento,731814119-8,7/30/2023,cduthie92@google.com.br,264-732-6526
328,Filide,Hawkswood,31,Female,pasaporte,127759721-9,3/7/2023,fhawkswood93@hp.com,668-216-5512
329,Ailina,Heatley,56,Female,pasaporte,471530091-5,5/15/2023,aheatley94@ucla.edu,114-365-3933
330,Adiana,Paulillo,83,Polygender,pasaporte,540179380-4,9/30/2023,apaulillo95@loc.gov,941-560-1252
331,Adelbert,Silbert,55,Male,otro,242444025-5,6/13/2023,asilbert96@amazon.de,954-136-0244
332,Selinda,Riglesford,24,Female,otro,302628936-1,6/7/2023,sriglesford97@lulu.com,537-625-7665
333,Stanislas,Gerrels,48,Male,pasaporte,145301887-5,2/4/2023,sgerrels98@oaic.gov.au,988-969-8163
334,Neely,Squier,30,Female,pasaporte,313646926-7,5/11/2023,nsquier99@parallels.com,334-336-9958
335,Keane,Lahrs,16,Male,otro,933809698-X,5/8/2023,klahrs9a@qq.com,369-333-5020
336,Catherina,Brinkworth,76,Female,pasaporte,435729608-0,7/3/2023,cbrinkworth9b@fastcompany.com,398-423-8617
337,Baily,Caress,19,Male,documento,439200056-7,8/5/2023,bcaress9c@dailymotion.com,797-496-5655
338,Harris,Theyer,58,Male,pasaporte,458665231-4,12/25/2022,htheyer9d@reference.com,495-737-2639
339,Lorettalorna,Ybarra,15,Female,documento,973200773-7,12/17/2022,lybarra9e@devhub.com,470-705-9594
340,Portia,De-Ville,43,Female,otro,102042628-4,8/26/2023,pdeville9f@pcworld.com,373-267-2719
341,Birch,Schutter,48,Male,documento,921691431-9,9/28/2023,bschutter9g@google.nl,335-283-4628
342,Sonja,Stowell,46,Female,pasaporte,872364849-X,8/12/2023,sstowell9h@ovh.net,195-146-0437
343,Charles,Brantzen,46,Male,pasaporte,365203894-0,7/1/2023,cbrantzen9i@stumbleupon.com,831-642-8042
344,Angelico,Sibille,62,Male,pasaporte,582243453-3,6/3/2023,asibille9j@nyu.edu,938-796-1048
345,Suzie,Noble,35,Female,documento,914609694-9,6/13/2023,snoble9k@ca.gov,642-896-5426
346,Waylin,Lidgertwood,48,Genderfluid,otro,902139025-6,2/22/2023,wlidgertwood9l@php.net,894-896-9205
347,Gretal,Kennifick,75,Female,pasaporte,331148772-9,4/30/2023,gkennifick9m@google.com.br,871-113-3777
348,Felicio,Blabber,30,Male,otro,018834852-2,9/4/2023,fblabber9n@japanpost.jp,886-313-9830
349,Renate,Sire,50,Female,documento,300308016-4,9/2/2023,rsire9o@yolasite.com,837-346-1599
350,Quintin,Reggio,56,Male,pasaporte,303943844-1,2/9/2023,qreggio9p@hp.com,255-298-8910
351,Fedora,Salaman,28,Female,pasaporte,735374192-9,8/20/2023,fsalaman9q@noaa.gov,999-271-5663
352,Brander,Doyle,72,Male,otro,260583980-X,5/13/2023,bdoyle9r@wp.com,506-478-5034
353,Dmitri,Tupp,25,Male,otro,477708928-2,11/11/2023,dtupp9s@ustream.tv,304-394-8929
354,Devin,Joska,41,Genderfluid,pasaporte,032053938-5,3/9/2023,djoska9t@dot.gov,360-556-3703
355,Lezlie,Densey,26,Female,pasaporte,129405851-7,10/2/2023,ldensey9u@miitbeian.gov.cn,979-917-7637
356,Carlina,Corryer,22,Female,documento,121514052-5,8/28/2023,ccorryer9v@behance.net,132-592-9427
357,Sherill,Woolner,32,Female,otro,828724042-5,6/29/2023,swoolner9w@cloudflare.com,791-504-6037
358,Montague,Vogl,26,Polygender,documento,401856273-X,6/18/2023,mvogl9x@i2i.jp,794-289-6010
359,Farlee,Mercey,33,Male,otro,923451167-0,7/11/2023,fmercey9y@wikispaces.com,281-186-4088
360,Fleurette,Allcorn,73,Agender,documento,971406694-8,11/4/2023,fallcorn9z@altervista.org,198-843-7087
361,Francine,Bilborough,60,Female,documento,529855000-2,10/17/2023,fbilborougha0@sun.com,123-948-3740
362,Kermit,Pettipher,22,Male,pasaporte,411761150-X,12/10/2022,kpettiphera1@spiegel.de,827-843-2839
363,Alasteir,Dabney,85,Male,otro,554156702-5,11/3/2023,adabneya2@gov.uk,666-481-5787
364,Lincoln,Cramp,29,Male,pasaporte,678374230-X,5/31/2023,lcrampa3@lycos.com,201-747-8080
365,Ginger,Nolli,49,Female,documento,291346194-8,1/27/2023,gnollia4@fastcompany.com,578-351-0933
366,Nickola,MacIlwrick,45,Bigender,pasaporte,345744214-2,7/8/2023,nmacilwricka5@rakuten.co.jp,905-919-3256
367,Asher,Josskoviz,42,Male,otro,889251130-0,9/27/2023,ajosskoviza6@canalblog.com,974-451-3481
368,Minne,Casswell,74,Agender,pasaporte,290511733-8,2/26/2023,mcasswella7@narod.ru,258-749-5111
369,Gus,Clair,32,Male,documento,622015743-5,7/26/2023,gclaira8@va.gov,103-253-1880
370,Mureil,Slainey,19,Female,pasaporte,865710413-X,12/10/2022,mslaineya9@discovery.com,536-870-2734
371,Gleda,Tomicki,66,Female,otro,503160185-X,4/8/2023,gtomickiaa@paypal.com,144-801-3738
372,Dulcy,Walaron,65,Female,documento,352706881-3,7/14/2023,dwalaronab@elpais.com,610-858-0408
373,Zulema,Lomansey,31,Female,pasaporte,102398268-4,5/15/2023,zlomanseyac@cocolog-nifty.com,749-842-4664
374,Gregorio,Hendron,82,Male,otro,610487499-1,11/30/2022,ghendronad@dyndns.org,524-641-1822
375,Verine,Bolf,63,Female,pasaporte,325847903-8,1/28/2023,vbolfae@taobao.com,455-300-3241
376,Arabele,Swinyard,16,Genderfluid,pasaporte,673963957-4,5/2/2023,aswinyardaf@typepad.com,320-201-9884
377,Herb,Roast,71,Male,otro,544612844-3,10/22/2023,hroastag@scientificamerican.com,290-252-4286
378,Sven,Dady,22,Male,pasaporte,888401392-5,8/16/2023,sdadyah@ifeng.com,995-185-1647
379,Deeann,Lukock,58,Female,documento,271171735-6,6/20/2023,dlukockai@zimbio.com,383-654-8672
380,Clari,Aggiss,16,Female,otro,458944616-2,4/8/2023,caggissaj@naver.com,332-866-0436
381,Raynard,Deedes,30,Male,otro,641611181-0,7/17/2023,rdeedesak@yellowbook.com,408-302-9739
382,Zorah,Hansana,19,Female,pasaporte,170147868-4,12/18/2022,zhansanaal@ucla.edu,636-558-3979
383,Beauregard,Reynolds,27,Male,pasaporte,692712784-4,4/4/2023,breynoldsam@networkadvertising.org,718-589-9446
384,Alene,Collimore,41,Female,pasaporte,066754107-1,5/29/2023,acollimorean@cisco.com,345-816-5958
385,Estella,Hamblin,70,Female,otro,202276497-8,11/1/2023,ehamblinao@cocolog-nifty.com,925-419-5886
386,Delia,Fanton,79,Female,otro,936879080-9,6/14/2023,dfantonap@behance.net,676-302-8118
387,Herschel,Handover,85,Male,pasaporte,588503526-1,8/31/2023,hhandoveraq@bigcartel.com,980-114-2058
388,Jayne,Parris,71,Female,documento,108505961-8,3/25/2023,jparrisar@theatlantic.com,533-642-6860
389,Burk,Urch,51,Male,pasaporte,633648909-4,12/5/2022,burchas@wikia.com,355-636-3429
390,Perrine,Bento,30,Female,otro,299468903-0,3/8/2023,pbentoat@omniture.com,882-634-9602
391,Gregory,Charnock,18,Male,pasaporte,523171314-7,3/18/2023,gcharnockau@umn.edu,712-122-6541
392,Milli,Crocumbe,33,Female,documento,721991374-5,10/14/2023,mcrocumbeav@mac.com,953-908-7578
393,North,Moughton,75,Non-binary,pasaporte,087636119-X,5/22/2023,nmoughtonaw@blogs.com,539-401-8410
394,Dniren,Nouch,43,Female,documento,605019094-1,10/2/2023,dnouchax@pbs.org,367-117-8462
395,Thorndike,de Quesne,66,Male,otro,328380374-9,12/23/2022,tdequesneay@cisco.com,614-248-8629
396,Maison,Monksfield,20,Male,documento,594396822-9,8/20/2023,mmonksfieldaz@unesco.org,605-460-1927
397,Korney,Van Halen,34,Female,pasaporte,624312446-0,9/26/2023,kvanhalenb0@mayoclinic.com,986-411-8618
398,Iain,Kits,45,Male,documento,389067227-2,11/13/2023,ikitsb1@mac.com,986-823-5505
399,Marrilee,Arthan,71,Female,pasaporte,052356207-1,1/22/2023,marthanb2@canalblog.com,358-713-5913
400,Farah,Mariette,72,Female,documento,035800148-X,4/25/2023,fmarietteb3@liveinternet.ru,707-881-0143
401,Allina,Goscomb,27,Female,pasaporte,985005767-X,1/20/2023,agoscombb4@spiegel.de,272-937-2059
402,Ahmed,Kenelin,50,Male,otro,405635014-0,6/9/2023,akenelinb5@home.pl,419-548-0833
403,Prudence,Cecely,67,Female,pasaporte,516126898-0,2/13/2023,pcecelyb6@cbsnews.com,808-589-6368
404,Sonni,Hoy,32,Female,pasaporte,595116420-6,10/10/2023,shoyb7@posterous.com,637-130-0423
405,Hercules,Greenshields,48,Male,otro,683484831-2,11/27/2022,hgreenshieldsb8@chron.com,638-328-9529
406,Livvyy,Blaxter,70,Female,otro,487692656-5,9/12/2023,lblaxterb9@reddit.com,921-493-5095
407,Scotti,Jonk,66,Male,otro,772245544-1,11/18/2022,sjonkba@merriam-webster.com,882-799-0840
408,Brandy,Igounet,73,Male,documento,023295699-5,3/15/2023,bigounetbb@ftc.gov,841-125-3368
409,Erma,Rittelmeyer,83,Female,otro,146063991-X,11/14/2023,erittelmeyerbc@homestead.com,708-398-9517
410,Wendell,Grady,17,Male,pasaporte,614981856-X,10/5/2023,wgradybd@cnn.com,980-365-5732
411,Johann,Wims,74,Male,documento,390690080-0,3/1/2023,jwimsbe@unc.edu,741-538-5375
412,Valery,Currey,45,Female,documento,844606286-0,5/4/2023,vcurreybf@de.vu,261-373-4024
413,Sherrie,Vooght,69,Female,pasaporte,391750654-8,10/15/2023,svooghtbg@so-net.ne.jp,711-398-5519
414,Bear,Dewan,46,Male,pasaporte,140515733-X,8/15/2023,bdewanbh@census.gov,557-683-5370
415,Nathalie,Spindler,20,Female,pasaporte,455073079-X,4/25/2023,nspindlerbi@lulu.com,378-216-6669
416,Orbadiah,Oyley,25,Male,pasaporte,502461834-3,1/7/2023,ooyleybj@merriam-webster.com,912-701-7934
417,Yuma,Tranckle,59,Male,documento,394272916-4,2/9/2023,ytrancklebk@house.gov,278-422-6277
418,Hayden,McReedy,43,Male,pasaporte,640204062-2,3/12/2023,hmcreedybl@is.gd,970-336-5925
419,Solly,Titchen,83,Male,documento,042736193-1,2/1/2023,stitchenbm@slashdot.org,617-209-7510
420,Riordan,Lovell,63,Male,otro,183458096-X,5/18/2023,rlovellbn@marketwatch.com,364-849-2199
421,Jerrome,Bath,79,Male,pasaporte,068303035-3,6/14/2023,jbathbo@w3.org,854-448-4733
422,Greer,Schieferstein,47,Female,documento,928833501-3,8/26/2023,gschiefersteinbp@youtube.com,145-657-4409
423,Fabio,Aps,79,Male,pasaporte,253479578-3,10/17/2023,fapsbq@nationalgeographic.com,264-679-3235
424,Devi,Paddison,21,Female,pasaporte,975195788-5,1/7/2023,dpaddisonbr@hugedomains.com,757-561-5602
425,Kikelia,Mardy,47,Female,otro,966346760-6,11/11/2023,kmardybs@eventbrite.com,604-609-3808
426,Robinette,Pirson,47,Female,documento,788685214-1,7/19/2023,rpirsonbt@dedecms.com,463-848-2754
427,Karine,Ahlin,32,Female,pasaporte,932612105-4,2/10/2023,kahlinbu@ucoz.com,779-833-5997
428,Ansell,Passman,18,Male,otro,110006648-9,7/3/2023,apassmanbv@vimeo.com,584-280-2642
429,Vivien,Gratland,76,Female,otro,448148274-5,5/10/2023,vgratlandbw@w3.org,118-440-7333
430,Selma,Millery,49,Genderfluid,pasaporte,956210444-3,8/16/2023,smillerybx@etsy.com,224-101-4403
431,Daniel,Minihan,27,Male,documento,139834600-4,4/10/2023,dminihanby@yahoo.co.jp,753-881-8045
432,Findlay,Freshwater,82,Bigender,pasaporte,311301069-1,7/16/2023,ffreshwaterbz@discuz.net,328-751-8632
433,Rancell,Perago,15,Male,documento,982191354-7,9/9/2023,rperagoc0@intel.com,110-868-9144
434,Tarrah,Khan,69,Female,pasaporte,253993719-5,7/7/2023,tkhanc1@uiuc.edu,439-459-2307
435,Georgie,Belchambers,47,Male,pasaporte,431089991-9,3/22/2023,gbelchambersc2@bigcartel.com,505-185-4846
436,Jacobo,Metzel,78,Male,otro,793490450-9,10/22/2023,jmetzelc3@exblog.jp,944-181-5925
437,Doloritas,MacSkeagan,26,Female,pasaporte,200045506-9,2/7/2023,dmacskeaganc4@who.int,415-352-0937
438,Carilyn,Ferreo,40,Female,otro,943471265-3,4/8/2023,cferreoc5@addtoany.com,807-495-3651
439,Lacy,Speerman,50,Female,otro,887994638-2,7/27/2023,lspeermanc6@google.com.au,222-704-8380
440,Thia,Bysaker,35,Female,otro,470272291-3,7/5/2023,tbysakerc7@chicagotribune.com,961-715-7528
441,Janean,Hawney,43,Female,documento,799311997-9,5/16/2023,jhawneyc8@sun.com,679-920-5347
442,Kirby,MacCostigan,72,Female,otro,198583316-6,9/8/2023,kmaccostiganc9@google.co.jp,154-356-8322
443,August,Temple,34,Male,otro,010722470-4,5/12/2023,atempleca@tinyurl.com,292-449-4648
444,Jacky,Tarrier,39,Male,documento,125071094-4,3/26/2023,jtarriercb@ucsd.edu,599-895-9269
445,Fawnia,Tytler,45,Genderfluid,documento,858114791-7,9/8/2023,ftytlercc@flickr.com,143-510-5701
446,Ludvig,Codner,52,Male,otro,095793354-1,10/30/2023,lcodnercd@princeton.edu,423-942-9028
447,Laverne,Hedney,57,Female,pasaporte,598876525-4,1/11/2023,lhedneyce@yelp.com,517-152-9753
448,Coraline,Dowling,63,Female,otro,393758123-5,3/19/2023,cdowlingcf@4shared.com,711-242-8916
449,Kaitlynn,Dufer,15,Female,otro,702024478-5,10/5/2023,kdufercg@gizmodo.com,778-733-9778
450,Merline,Tapner,74,Female,documento,210701482-5,8/27/2023,mtapnerch@independent.co.uk,951-375-5128
451,Flory,Greensitt,31,Female,pasaporte,514082623-2,9/17/2023,fgreensittci@npr.org,220-369-7654
452,Lance,Frangione,21,Male,documento,412328833-2,3/10/2023,lfrangionecj@harvard.edu,617-222-6253
453,Laryssa,Derkes,63,Female,pasaporte,653806780-8,5/5/2023,lderkesck@friendfeed.com,999-379-7401
454,Melli,Martino,82,Female,pasaporte,160127483-1,9/30/2023,mmartinocl@webnode.com,357-138-6696
455,Georgetta,Kern,67,Agender,pasaporte,991402304-5,5/17/2023,gkerncm@wufoo.com,458-523-5665
456,Loraine,Stayte,83,Female,documento,593150755-8,11/19/2022,lstaytecn@mapy.cz,529-141-0993
457,Johannah,Gartery,80,Polygender,documento,009579651-7,7/22/2023,jgarteryco@oakley.com,295-948-8696
458,Jeralee,Filippone,71,Female,documento,065258998-7,3/7/2023,jfilipponecp@booking.com,460-326-6992
459,Welby,Swinfen,28,Male,pasaporte,207985579-4,2/28/2023,wswinfencq@studiopress.com,431-972-0451
460,Robert,Girvan,82,Male,pasaporte,939828836-2,9/13/2023,rgirvancr@linkedin.com,189-397-8766
461,Anastasie,Tuson,56,Female,otro,380439861-8,9/24/2023,atusoncs@google.com.au,110-426-9257
462,Lynnelle,Leon,37,Female,documento,430183060-X,2/5/2023,lleonct@so-net.ne.jp,579-414-4366
463,Nilson,Howsan,83,Male,pasaporte,945374555-3,6/4/2023,nhowsancu@newyorker.com,167-698-6167
464,Carlos,Mindenhall,33,Male,pasaporte,416221393-3,6/25/2023,cmindenhallcv@fc2.com,717-219-3432
465,Dawn,Tooher,67,Female,pasaporte,277472205-5,11/28/2022,dtoohercw@merriam-webster.com,706-894-9595
466,Isabel,Inchley,65,Female,pasaporte,167085711-5,8/28/2023,iinchleycx@imgur.com,626-823-6648
467,Perl,Cosyns,84,Genderfluid,otro,473530973-X,6/19/2023,pcosynscy@trellian.com,533-644-4587
468,Sullivan,Zanini,24,Male,documento,538823643-9,3/13/2023,szaninicz@freewebs.com,954-301-9937
469,Justina,Crampsey,71,Female,pasaporte,767366408-9,3/9/2023,jcrampseyd0@tripod.com,751-780-9987
470,Sully,Simenet,51,Male,documento,580512634-6,4/13/2023,ssimenetd1@abc.net.au,272-162-5329
471,Christabel,Kuschel,31,Female,otro,792497417-2,6/2/2023,ckuscheld2@bbc.co.uk,624-614-3903
472,Eleonora,Gatman,35,Female,pasaporte,279561319-0,6/5/2023,egatmand3@freewebs.com,340-243-9584
473,Borg,Trillow,59,Male,pasaporte,871909229-6,5/5/2023,btrillowd4@a8.net,465-445-0198
474,Flo,Regi,27,Female,documento,431466423-1,10/20/2023,fregid5@biglobe.ne.jp,454-199-2956
475,Briant,Worsall,74,Male,pasaporte,068731194-2,4/6/2023,bworsalld6@sphinn.com,607-216-4450
476,Nate,Jeeves,52,Polygender,otro,208691873-9,4/8/2023,njeevesd7@toplist.cz,533-480-2379
477,Lanna,Weatherup,23,Female,otro,210860617-3,12/19/2022,lweatherupd8@about.me,133-624-6991
478,Blanch,Ingrem,55,Female,otro,660689934-6,5/19/2023,bingremd9@netlog.com,869-756-2990
479,Margalit,Moyle,31,Female,pasaporte,925730237-7,3/22/2023,mmoyleda@1688.com,593-860-7997
480,Murial,Beine,28,Female,pasaporte,884724062-X,4/13/2023,mbeinedb@simplemachines.org,658-731-7638
481,Bert,Goodday,63,Male,otro,384481665-8,11/14/2023,bgooddaydc@amazon.com,856-322-1943
482,Belvia,Roslen,66,Female,otro,717649189-5,11/20/2022,broslendd@yahoo.com,687-636-5486
483,Karlyn,Tabourin,52,Female,pasaporte,054845963-0,8/27/2023,ktabourinde@youku.com,746-403-0795
484,Cale,Luca,53,Male,documento,832871447-7,9/2/2023,clucadf@stumbleupon.com,417-194-6989
485,Anthiathia,Ruppert,80,Female,documento,587425268-1,12/28/2022,aruppertdg@wordpress.org,965-164-3648
486,Rebekkah,Howat,38,Female,pasaporte,449591988-1,6/6/2023,rhowatdh@loc.gov,114-539-9631
487,Inessa,Lodwig,65,Female,pasaporte,344370257-0,10/18/2023,ilodwigdi@imageshack.us,657-866-3336
488,Parrnell,Keelin,68,Male,pasaporte,367815767-X,5/22/2023,pkeelindj@seattletimes.com,656-573-3194
489,Desmund,Iacopetti,45,Male,otro,871565060-X,7/20/2023,diacopettidk@arizona.edu,276-394-8392
490,Pet,Androlli,51,Female,otro,153905414-4,11/1/2023,pandrollidl@t-online.de,766-260-8121
491,Leroy,Juschke,29,Genderqueer,otro,812046301-3,2/7/2023,ljuschkedm@sitemeter.com,900-246-9633
492,Gael,Thackham,52,Polygender,pasaporte,646731206-6,9/5/2023,gthackhamdn@joomla.org,806-873-5702
493,Siobhan,Stanlake,39,Female,otro,442694104-0,9/6/2023,sstanlakedo@msn.com,210-753-0123
494,Salim,Crux,43,Male,otro,160735521-3,1/1/2023,scruxdp@bravesites.com,170-340-6153
495,Christy,Fanti,16,Female,otro,873557547-6,2/7/2023,cfantidq@addthis.com,431-353-2331
496,Idell,Faulconer,56,Female,pasaporte,373292482-3,3/26/2023,ifaulconerdr@economist.com,486-369-8741
497,Zacharia,Danks,79,Male,documento,135661312-8,11/10/2023,zdanksds@admin.ch,153-783-9659
498,Zorana,Prynne,66,Genderfluid,pasaporte,337897634-9,10/17/2023,zprynnedt@taobao.com,856-129-5894
499,Pepito,Westoff,33,Male,documento,123326807-4,5/23/2023,pwestoffdu@unc.edu,277-801-9004
500,Willamina,Pauletti,16,Female,otro,510994648-5,4/7/2023,wpaulettidv@about.com,563-311-7726
501,Berry,Arnell,35,Female,pasaporte,748819284-2,1/25/2023,barnelldw@cornell.edu,174-289-5175
502,Joice,Bonicelli,56,Female,otro,056062110-8,3/13/2023,jbonicellidx@phpbb.com,938-552-8110
503,Debi,Proud,17,Bigender,otro,337225016-8,5/20/2023,dprouddy@zdnet.com,459-779-6967
504,Frasquito,Sydall,55,Male,documento,669908510-7,3/28/2023,fsydalldz@imgur.com,652-241-7837
505,Wilburt,Burnhams,27,Male,documento,655799662-2,8/4/2023,wburnhamse0@ebay.co.uk,786-837-4193
506,Mile,Banbrigge,76,Male,documento,572397430-0,2/5/2023,mbanbriggee1@discuz.net,485-837-0272
507,Ailene,Grigorkin,18,Bigender,pasaporte,116114535-4,10/10/2023,agrigorkine2@statcounter.com,655-931-1594
508,Deborah,Rodolf,30,Genderfluid,pasaporte,444965976-7,5/23/2023,drodolfe3@deviantart.com,660-829-1639
509,Hillier,Elam,79,Male,documento,252803586-1,2/19/2023,helame4@cnn.com,270-478-9986
510,Octavia,Creeboe,19,Female,documento,645367327-4,1/22/2023,ocreeboee5@nydailynews.com,952-468-6275
511,Marlie,Nuccii,18,Female,otro,159704769-4,12/17/2022,mnucciie6@oracle.com,755-350-7988
512,Forster,McClements,70,Male,otro,507142005-8,10/28/2023,fmcclementse7@networkadvertising.org,578-594-1361
513,Natalee,Discombe,42,Female,otro,881902502-7,1/30/2023,ndiscombee8@nps.gov,733-782-8192
514,Karil,Goodbourn,20,Female,pasaporte,029722510-3,6/22/2023,kgoodbourne9@sfgate.com,703-436-9704
515,Marita,Clelland,67,Female,documento,831393097-7,7/23/2023,mclellandea@webmd.com,151-916-2284
516,Holden,Utton,35,Male,otro,570417980-0,2/2/2023,huttoneb@guardian.co.uk,975-257-4550
517,Danyette,Silverman,15,Female,documento,354984292-9,8/3/2023,dsilvermanec@bloglovin.com,979-666-6613
518,Kalil,De Mitri,24,Male,pasaporte,801091281-6,4/19/2023,kdemitried@engadget.com,614-925-0852
519,Putnem,Girardey,39,Male,pasaporte,134670918-1,7/5/2023,pgirardeyee@eepurl.com,832-494-2441
520,Iggy,Barbour,77,Male,pasaporte,146019616-3,12/7/2022,ibarbouref@google.ca,501-828-0491
521,Charin,Bentinck,84,Female,documento,564258297-6,5/13/2023,cbentinckeg@utexas.edu,199-351-5246
522,Norton,Cathersides,61,Male,pasaporte,465860205-9,12/31/2022,ncathersideseh@google.fr,245-717-6197
523,Clementia,Sowden,26,Female,documento,731881834-1,1/11/2023,csowdenei@studiopress.com,543-128-9293
524,Lesley,Anyene,29,Female,otro,287114418-4,9/22/2023,lanyeneej@house.gov,870-945-5961
525,Martica,Everill,41,Genderqueer,otro,143681926-1,6/29/2023,meverillek@wix.com,541-775-6629
526,Vasili,Davana,40,Male,pasaporte,265573608-7,12/3/2022,vdavanael@home.pl,962-824-2657
527,Mavis,Ottawell,85,Polygender,otro,039802252-6,9/29/2023,mottawellem@over-blog.com,515-428-3351
528,Car,Figgs,82,Male,documento,699693225-4,6/18/2023,cfiggsen@google.de,693-490-9275
529,Granville,Polon,80,Male,pasaporte,110683266-3,6/14/2023,gpoloneo@princeton.edu,537-933-5237
530,Nona,Jacobowitz,48,Female,documento,807191101-1,4/27/2023,njacobowitzep@wufoo.com,850-308-6699
531,Correna,Champken,51,Female,otro,516535652-3,12/18/2022,cchampkeneq@weather.com,826-549-4615
532,Claudette,Spary,48,Female,documento,178584138-6,2/5/2023,csparyer@ucoz.com,510-112-3174
533,Carlyle,Orman,65,Male,pasaporte,411595790-5,5/18/2023,cormanes@oracle.com,556-795-8236
534,Bernie,Cownden,56,Agender,documento,733642085-0,5/2/2023,bcowndenet@booking.com,137-690-0411
535,Madeline,Khrishtafovich,63,Female,otro,427174794-7,11/18/2022,mkhrishtafovicheu@etsy.com,553-461-4014
536,Barbara-anne,Charke,70,Female,pasaporte,563616421-1,9/24/2023,bcharkeev@theatlantic.com,611-969-9879
537,Antoine,Cawsy,66,Male,documento,687289036-3,2/23/2023,acawsyew@creativecommons.org,530-354-0385
538,Eli,Hurworth,80,Male,otro,998141598-7,2/21/2023,ehurworthex@yellowbook.com,418-852-9837
539,Xena,Grealy,19,Female,documento,279997473-2,5/20/2023,xgrealyey@tripod.com,574-944-4356
540,Yevette,Restall,69,Female,documento,023432237-3,8/25/2023,yrestallez@about.com,568-233-6165
541,Rich,Hilldrup,85,Male,documento,856499920-X,7/21/2023,rhilldrupf0@amazon.co.jp,916-341-4024
542,Larry,Trevan,55,Male,documento,358280007-5,10/13/2023,ltrevanf1@seattletimes.com,844-598-4145
543,Ty,Wallsam,58,Male,pasaporte,867982673-1,11/27/2022,twallsamf2@usatoday.com,169-432-3341
544,Corey,Collinson,67,Male,pasaporte,773145242-5,11/27/2022,ccollinsonf3@elpais.com,632-817-6359
545,Angelo,Conachy,64,Male,documento,748922877-8,4/18/2023,aconachyf4@bbb.org,168-591-5386
546,Ellery,Estcot,30,Male,otro,015497712-8,10/15/2023,eestcotf5@wordpress.org,803-257-5750
547,Minna,Pittway,18,Female,documento,593754979-1,11/7/2023,mpittwayf6@e-recht24.de,718-460-0547
548,Odey,Sewall,60,Male,pasaporte,953228859-7,1/20/2023,osewallf7@woothemes.com,223-695-4011
549,Debor,Gentile,83,Female,pasaporte,325801257-1,12/6/2022,dgentilef8@php.net,663-709-3093
550,Rodge,Caslin,22,Male,pasaporte,441074163-2,3/13/2023,rcaslinf9@diigo.com,575-947-8375
551,Alphonso,Masse,52,Male,pasaporte,721123103-3,9/24/2023,amassefa@bbb.org,287-962-7323
552,Maurie,Balasini,46,Male,otro,157050813-5,4/28/2023,mbalasinifb@latimes.com,244-831-0115
553,Carmita,Pragnell,61,Female,otro,450548238-3,11/10/2023,cpragnellfc@time.com,715-637-8381
554,Norman,Seamon,40,Male,otro,356368895-8,6/16/2023,nseamonfd@cpanel.net,906-780-7437
555,Doug,Gornall,29,Male,documento,743704185-5,2/20/2023,dgornallfe@fastcompany.com,826-963-9638
556,Paola,Gillopp,51,Female,pasaporte,123195974-6,10/17/2023,pgilloppff@weather.com,810-527-5153
557,Ebeneser,Egarr,75,Male,documento,635676509-7,2/13/2023,eegarrfg@domainmarket.com,427-702-2320
558,Aldrich,Pack,15,Male,pasaporte,307327819-2,6/14/2023,apackfh@craigslist.org,503-540-9892
559,Melicent,Madine,74,Female,otro,937442566-1,1/7/2023,mmadinefi@goo.ne.jp,830-233-2266
560,Eulalie,Santino,33,Genderfluid,documento,996170077-5,8/23/2023,esantinofj@nih.gov,938-480-4621
561,Rosemarie,Yerrall,34,Female,otro,984795491-7,7/9/2023,ryerrallfk@ovh.net,836-219-0721
562,Blithe,Shervil,60,Female,pasaporte,221841628-X,9/10/2023,bshervilfl@scribd.com,274-776-3038
563,Georg,Mullord,69,Non-binary,pasaporte,387784843-5,12/12/2022,gmullordfm@netlog.com,958-519-4372
564,Fenelia,Dictus,82,Female,documento,435937212-4,8/27/2023,fdictusfn@stanford.edu,523-828-7053
565,Hetti,Caddell,84,Female,documento,736888016-4,12/9/2022,hcaddellfo@china.com.cn,519-364-0708
566,Kingsly,Fri,36,Male,pasaporte,554697569-5,3/11/2023,kfrifp@tinypic.com,749-838-6131
567,Caitrin,Whybrow,23,Female,otro,352153226-7,7/27/2023,cwhybrowfq@webnode.com,258-372-9637
568,Tymothy,Kerby,26,Polygender,documento,966485466-2,8/19/2023,tkerbyfr@google.com.br,937-207-8075
569,Kip,Skegg,38,Male,otro,388989627-8,5/3/2023,kskeggfs@mac.com,970-130-4777
570,Alikee,McSaul,74,Female,documento,654421648-8,2/10/2023,amcsaulft@amazon.de,363-990-7089
571,Caitrin,Spadari,55,Female,pasaporte,028313692-8,3/30/2023,cspadarifu@ifeng.com,549-567-3585
572,Zorah,Satterlee,60,Genderqueer,pasaporte,549065522-4,1/22/2023,zsatterleefv@cpanel.net,724-650-5309
573,Bessy,Pooly,75,Female,documento,196050082-1,7/8/2023,bpoolyfw@hibu.com,616-544-3666
574,Lenka,Kleinhausen,40,Female,otro,262018963-2,7/17/2023,lkleinhausenfx@theatlantic.com,532-335-9540
575,Fee,Baroc,68,Male,pasaporte,558672128-7,3/23/2023,fbarocfy@fotki.com,853-723-9942
576,Gibb,Ourtic,77,Male,pasaporte,312003595-5,12/16/2022,gourticfz@dagondesign.com,547-211-9122
577,Etta,Dufaur,80,Female,otro,391637643-8,3/15/2023,edufaurg0@umn.edu,639-795-7767
578,Timotheus,Jerram,64,Male,documento,457356703-8,10/20/2023,tjerramg1@google.ca,777-869-2308
579,Xaviera,Wem,72,Female,documento,806859134-6,9/10/2023,xwemg2@cmu.edu,860-757-5536
580,Gerri,Wilcocke,59,Female,otro,183899916-7,2/12/2023,gwilcockeg3@hibu.com,410-900-7754
581,Ozzy,Dollen,40,Male,otro,114786740-2,3/27/2023,odolleng4@ibm.com,183-589-9448
582,Reiko,McArtan,42,Non-binary,otro,485945556-8,7/22/2023,rmcartang5@amazon.co.jp,254-459-7444
583,Pepillo,Balcock,34,Male,otro,572398420-9,5/7/2023,pbalcockg6@cnn.com,215-131-1196
584,Mamie,Grundwater,81,Female,otro,839429587-8,11/26/2022,mgrundwaterg7@ucoz.ru,865-248-3102
585,Quintana,Crutchley,66,Female,otro,375698518-0,8/26/2023,qcrutchleyg8@theguardian.com,141-891-4792
586,Gian,O'Leary,21,Male,otro,844965468-8,1/15/2023,golearyg9@barnesandnoble.com,582-292-7902
587,Aida,Gandrich,54,Female,pasaporte,730832355-2,4/25/2023,agandrichga@latimes.com,956-451-4947
588,Alta,Urlin,41,Female,documento,494984987-5,5/18/2023,aurlingb@dagondesign.com,810-186-3763
589,Onfre,Sturton,42,Male,otro,137530945-5,7/9/2023,osturtongc@nationalgeographic.com,266-564-7636
590,Portia,Winnard,29,Female,otro,789994247-0,6/5/2023,pwinnardgd@geocities.jp,818-475-7021
591,Rutter,Coye,54,Male,pasaporte,562314936-7,7/7/2023,rcoyege@guardian.co.uk,815-418-9936
592,Crystal,Slaymaker,74,Female,otro,545834078-7,6/21/2023,cslaymakergf@patch.com,106-933-4939
593,Morgana,Sherebrooke,31,Female,documento,115284842-9,4/12/2023,msherebrookegg@tamu.edu,477-806-0176
594,Avictor,Sunman,63,Male,documento,541910486-5,10/9/2023,asunmangh@google.com.br,651-818-3258
595,Ruttger,Ableson,25,Male,pasaporte,459608520-X,11/3/2023,rablesongi@mozilla.com,989-316-6840
596,Zsa zsa,McElroy,60,Female,pasaporte,941105374-2,10/20/2023,zmcelroygj@epa.gov,500-106-1810
597,Kellen,Sparshutt,27,Male,documento,815284346-6,2/9/2023,ksparshuttgk@nih.gov,607-583-6815
598,Kimble,Padgham,53,Male,documento,076333421-9,4/30/2023,kpadghamgl@shutterfly.com,172-730-7422
599,Barton,Wetherell,51,Male,otro,466490128-3,11/26/2022,bwetherellgm@answers.com,383-262-9307
600,Borden,Guage,42,Non-binary,documento,735333314-6,10/11/2023,bguagegn@cdc.gov,842-850-0152
601,Amargo,Kirkham,66,Female,pasaporte,991075468-1,3/31/2023,akirkhamgo@dailymail.co.uk,788-521-7996
602,Arie,Tinston,62,Male,pasaporte,638202473-2,3/2/2023,atinstongp@cornell.edu,887-134-9673
603,Augie,Cowburn,78,Male,documento,185882316-1,7/2/2023,acowburngq@whitehouse.gov,583-415-4085
604,Stacey,Charsley,17,Female,documento,225156047-5,3/5/2023,scharsleygr@google.it,611-205-3828
605,Alexis,Lineen,77,Female,otro,898139063-0,10/19/2023,alineengs@quantcast.com,406-803-5032
606,Arliene,Northidge,56,Female,pasaporte,981626097-2,4/28/2023,anorthidgegt@parallels.com,399-239-8654
607,Issy,Watterson,54,Female,pasaporte,150041565-0,9/5/2023,iwattersongu@people.com.cn,854-667-2758
608,Arnaldo,Favelle,49,Male,otro,783736304-3,9/30/2023,afavellegv@nature.com,537-829-4209
609,Brandea,Senett,63,Female,pasaporte,702040078-7,8/2/2023,bsenettgw@amazonaws.com,843-928-9006
610,Trista,Golley,49,Bigender,pasaporte,738844058-5,8/20/2023,tgolleygx@whitehouse.gov,494-464-1882
611,Percy,Dufaire,39,Male,pasaporte,764718426-1,10/31/2023,pdufairegy@com.com,493-279-1343
612,Reed,Tippetts,32,Male,otro,317224332-X,12/4/2022,rtippettsgz@nydailynews.com,671-513-6642
613,Silva,Harty,70,Female,otro,284244228-8,11/14/2023,shartyh0@twitpic.com,533-913-5681
614,Kermy,Cowup,72,Male,otro,755653232-1,7/16/2023,kcowuph1@topsy.com,294-204-0098
615,Pet,Radbourne,65,Female,pasaporte,885885843-3,2/25/2023,pradbourneh2@cnet.com,960-168-1650
616,Ker,Shurrocks,82,Male,documento,773492848-X,4/26/2023,kshurrocksh3@unblog.fr,474-151-4944
617,Inness,Mallard,35,Male,otro,840115951-2,6/27/2023,imallardh4@columbia.edu,164-477-8491
618,Yanaton,Norfolk,57,Male,documento,036502591-7,6/22/2023,ynorfolkh5@dailymotion.com,587-636-6530
619,Dania,Tidmas,43,Female,pasaporte,828560817-4,1/21/2023,dtidmash6@privacy.gov.au,135-288-8985
620,Harvey,Dorber,16,Male,otro,182462635-5,1/20/2023,hdorberh7@prweb.com,832-380-5065
621,Emogene,Harry,37,Female,documento,339466777-0,3/3/2023,eharryh8@nba.com,151-800-2596
622,Erena,MacLeod,47,Female,otro,389036319-9,6/13/2023,emacleodh9@prlog.org,432-334-5597
623,Skipp,Geal,38,Male,documento,344174252-4,7/5/2023,sgealha@umn.edu,408-267-8912
624,Mahmoud,Bassam,54,Male,pasaporte,042252890-0,9/19/2023,mbassamhb@examiner.com,720-922-0048
625,Ellsworth,Manklow,64,Male,pasaporte,421734521-6,7/13/2023,emanklowhc@tinypic.com,663-733-9214
626,Ward,Pepineaux,53,Male,pasaporte,059218791-8,4/16/2023,wpepineauxhd@google.ca,938-701-4698
627,Guthrey,Klimkowski,21,Male,pasaporte,085094367-1,12/23/2022,gklimkowskihe@g.co,898-278-5659
628,Olav,Camili,33,Male,pasaporte,070724001-8,3/28/2023,ocamilihf@over-blog.com,201-626-0993
629,Dolli,Abbie,33,Female,pasaporte,853674550-9,4/3/2023,dabbiehg@berkeley.edu,856-106-6224
630,Allx,de Tocqueville,83,Female,documento,128970794-4,2/21/2023,adetocquevillehh@patch.com,763-630-4364
631,Fay,Bouzan,80,Female,pasaporte,394165191-9,8/26/2023,fbouzanhi@mac.com,763-633-8048
632,Douglass,Scading,49,Male,pasaporte,889875048-X,8/16/2023,dscadinghj@opera.com,855-345-0259
633,Hana,Grazier,82,Female,pasaporte,775794665-4,5/18/2023,hgrazierhk@about.me,666-149-8598
634,Quillan,Longbone,15,Male,documento,085065537-4,12/30/2022,qlongbonehl@about.com,614-655-5212
635,Gustavus,Gourlay,80,Male,documento,917779637-3,8/31/2023,ggourlayhm@joomla.org,732-721-9826
636,Solomon,MacCafferky,83,Male,pasaporte,270466068-9,2/11/2023,smaccafferkyhn@cbsnews.com,571-699-9768
637,Shirlene,Tewkesberrie,53,Female,documento,153180365-2,6/26/2023,stewkesberrieho@ucoz.com,931-221-1014
638,Simona,Grabiec,67,Non-binary,otro,910428753-3,9/10/2023,sgrabiechp@histats.com,900-709-6430
639,Garrett,Wateridge,26,Male,otro,220387472-4,11/3/2023,gwateridgehq@imageshack.us,548-360-3850
640,Zeb,Oneill,68,Male,documento,401647244-X,3/22/2023,zoneillhr@census.gov,788-197-7887
641,Elbertine,Whitmarsh,32,Female,otro,948391259-8,9/15/2023,ewhitmarshhs@un.org,711-815-8087
642,Reine,McFetrich,28,Female,pasaporte,109051203-1,4/18/2023,rmcfetrichht@nsw.gov.au,234-807-9828
643,Opalina,Bonhomme,49,Female,documento,040342940-4,10/6/2023,obonhommehu@hatena.ne.jp,254-858-0244
644,Andi,Lasslett,82,Female,pasaporte,901000106-7,6/21/2023,alassletthv@narod.ru,103-381-6292
645,Marybelle,Dikels,25,Female,pasaporte,530082798-3,7/1/2023,mdikelshw@ebay.com,419-983-4690
646,Marshall,Dossit,46,Male,pasaporte,921514855-8,6/4/2023,mdossithx@infoseek.co.jp,321-225-4435
647,Malanie,Yerrill,57,Female,pasaporte,394479951-8,7/24/2023,myerrillhy@examiner.com,884-678-5780
648,Diannne,Rossbrooke,41,Female,documento,106012918-3,10/24/2023,drossbrookehz@twitter.com,314-513-6180
649,Caro,Hubble,52,Female,documento,005030980-3,9/11/2023,chubblei0@newsvine.com,934-463-4379
650,Maritsa,Swyne,24,Female,documento,676944907-2,5/12/2023,mswynei1@google.ru,539-362-2968
651,Durand,Wingate,82,Male,otro,171812492-9,1/15/2023,dwingatei2@wsj.com,512-191-9588
652,Hendrik,Yantsev,66,Male,documento,139719238-0,10/7/2023,hyantsevi3@merriam-webster.com,475-671-9836
653,Alford,Glassford,81,Male,pasaporte,453557942-3,6/3/2023,aglassfordi4@xing.com,593-625-4232
654,Ogdan,Prahl,47,Male,documento,322328757-4,8/19/2023,oprahli5@twitter.com,246-445-2777
655,Hiram,Mullins,31,Male,otro,532260609-2,9/20/2023,hmullinsi6@sfgate.com,111-761-8559
656,Laughton,Erdis,32,Male,otro,447285964-5,9/23/2023,lerdisi7@ox.ac.uk,744-338-9011
657,Olenolin,Ilive,74,Male,otro,812661774-8,1/12/2023,oilivei8@biblegateway.com,679-477-6031
658,Angy,Frid,67,Female,otro,422795556-4,10/25/2023,afridi9@statcounter.com,355-720-6791
659,Neil,Louw,63,Male,documento,139152349-0,9/1/2023,nlouwia@tmall.com,770-534-2625
660,Minna,MacKessock,30,Female,documento,776776301-3,11/8/2023,mmackessockib@parallels.com,402-830-8181
661,Rurik,O'Crevy,68,Male,pasaporte,001580387-2,8/3/2023,rocrevyic@ucsd.edu,851-995-8287
662,Jesse,Dolle,26,Male,otro,016974908-8,2/10/2023,jdolleid@facebook.com,510-811-8048
663,Rosemary,Blaxland,72,Female,otro,506106731-2,2/7/2023,rblaxlandie@free.fr,481-179-0702
664,Sharyl,Wyche,56,Female,pasaporte,406830156-5,7/3/2023,swycheif@baidu.com,387-349-4759
665,Halsey,Whifen,80,Male,documento,365200183-4,3/19/2023,hwhifenig@homestead.com,592-434-1028
666,Enos,Kayley,39,Male,documento,334452513-1,8/17/2023,ekayleyih@liveinternet.ru,662-377-3681
667,Susanna,Yeomans,64,Female,otro,988901651-6,5/28/2023,syeomansii@sciencedaily.com,582-609-9378
668,Gaile,Lillgard,53,Male,pasaporte,520600707-2,8/18/2023,glillgardij@printfriendly.com,625-455-7074
669,Darb,Tinklin,79,Male,pasaporte,293008502-9,12/24/2022,dtinklinik@hubpages.com,432-815-4025
670,Morganica,Eberz,55,Female,pasaporte,426807496-1,10/8/2023,meberzil@uol.com.br,969-997-2468
671,Sayers,Corhard,27,Male,documento,384766062-4,9/26/2023,scorhardim@creativecommons.org,931-533-4323
672,Duff,Baston,15,Male,pasaporte,963082710-7,12/26/2022,dbastonin@accuweather.com,647-367-4895
673,Sayre,Bailess,82,Male,documento,388970737-8,11/4/2023,sbailessio@nature.com,274-330-1519
674,Prisca,Curthoys,51,Bigender,otro,160418063-3,6/15/2023,pcurthoysip@aboutads.info,946-305-2347
675,Rollie,Bramsen,63,Male,pasaporte,853256004-0,2/27/2023,rbramseniq@theguardian.com,293-919-8330
676,Celina,Stapylton,49,Female,pasaporte,004874968-0,9/7/2023,cstapyltonir@eventbrite.com,812-905-9536
677,Veradis,Binnion,72,Female,pasaporte,830684756-3,4/20/2023,vbinnionis@foxnews.com,900-767-9409
678,Zora,McCrisken,84,Female,otro,465367728-X,1/2/2023,zmccriskenit@si.edu,543-225-1111
679,Tristan,Fanthome,39,Male,pasaporte,589884151-2,10/18/2023,tfanthomeiu@washington.edu,407-328-9290
680,Demetris,Breedy,26,Genderqueer,otro,602290609-1,5/14/2023,dbreedyiv@yolasite.com,264-570-2589
681,Langsdon,Vearnals,28,Male,pasaporte,378410667-6,3/20/2023,lvearnalsiw@homestead.com,334-374-9567
682,Ardeen,Wickett,50,Female,documento,793705219-8,10/5/2023,awickettix@google.com.br,421-208-6435
683,Leanora,Jewes,57,Female,pasaporte,173841297-0,6/2/2023,ljewesiy@hugedomains.com,648-974-7257
684,Shannon,Leedal,78,Female,otro,413548149-3,2/11/2023,sleedaliz@scientificamerican.com,442-108-5206
685,Ram,Tregenza,18,Male,pasaporte,395104071-8,10/2/2023,rtregenzaj0@telegraph.co.uk,627-641-8674
686,Dyanna,Duchant,73,Female,pasaporte,154840764-X,11/15/2022,dduchantj1@blinklist.com,274-651-6830
687,Neddy,Huton,33,Male,otro,533302671-8,12/25/2022,nhutonj2@liveinternet.ru,302-748-9972
688,Karissa,Deguara,30,Female,documento,037074912-X,3/4/2023,kdeguaraj3@facebook.com,459-834-4753
689,Ashbey,Crewes,59,Bigender,pasaporte,167752229-1,3/18/2023,acrewesj4@indiatimes.com,137-228-7389
690,Nanci,Bahls,67,Female,documento,091408174-8,3/8/2023,nbahlsj5@spiegel.de,263-302-2107
691,Nathanil,Darrach,22,Male,otro,412885351-8,6/13/2023,ndarrachj6@google.com,508-814-3842
692,Fred,Ramsby,70,Male,otro,728586439-0,1/10/2023,framsbyj7@miitbeian.gov.cn,964-772-5591
693,Tisha,Heggman,45,Female,otro,797336269-X,4/3/2023,theggmanj8@nbcnews.com,144-994-8359
694,Etty,Nightingale,43,Female,documento,341646808-2,4/26/2023,enightingalej9@businessweek.com,387-970-8153
695,Immanuel,Allard,47,Male,documento,103019609-5,9/11/2023,iallardja@blinklist.com,212-893-7736
696,Mendy,McAmish,17,Male,otro,145524909-2,1/23/2023,mmcamishjb@theguardian.com,449-513-7133
697,Valry,Maine,26,Female,pasaporte,137748289-8,2/6/2023,vmainejc@privacy.gov.au,248-289-9938
698,Moira,Comber,78,Female,otro,477875644-4,9/16/2023,mcomberjd@bizjournals.com,181-906-4835
699,Sylas,Cole,31,Male,otro,133509147-5,8/24/2023,scoleje@360.cn,819-872-6026
700,Siana,Sindall,29,Female,otro,794108078-8,4/3/2023,ssindalljf@instagram.com,256-823-0623
701,Asa,Lampett,26,Male,pasaporte,706688367-5,11/17/2022,alampettjg@economist.com,325-635-7740
702,Hendrika,Kirtlan,55,Female,documento,978961247-8,11/20/2022,hkirtlanjh@discovery.com,542-203-2227
703,Roy,Sickling,33,Male,pasaporte,500456386-1,7/11/2023,rsicklingji@newyorker.com,319-704-6130
704,Celine,Crowdace,45,Female,otro,325700755-8,10/21/2023,ccrowdacejj@aol.com,611-816-2717
705,Jessey,Gaitskell,84,Male,documento,399985865-6,5/16/2023,jgaitskelljk@techcrunch.com,967-384-7573
706,Angelika,Musgrove,35,Female,documento,387605677-2,4/11/2023,amusgrovejl@moonfruit.com,323-347-2148
707,Collete,Rutty,33,Female,documento,666358958-X,10/11/2023,cruttyjm@shinystat.com,328-159-1484
708,Johnath,Jaffrey,48,Female,documento,106166720-0,8/18/2023,jjaffreyjn@cisco.com,507-474-7910
709,Tracee,Ochterlony,27,Female,pasaporte,107542548-4,9/24/2023,tochterlonyjo@spiegel.de,563-479-0029
710,Anette,Jenicek,30,Polygender,otro,190832419-8,4/4/2023,ajenicekjp@wisc.edu,495-341-5735
711,Amy,Fairpool,50,Genderfluid,documento,187141859-3,6/27/2023,afairpooljq@symantec.com,956-174-6403
712,Eba,Cashell,70,Female,pasaporte,870125560-6,12/21/2022,ecashelljr@vistaprint.com,835-483-3571
713,Veronike,Trematick,34,Female,pasaporte,580066223-1,12/18/2022,vtrematickjs@comsenz.com,871-107-4196
714,Lexis,Geldert,25,Female,otro,472465374-4,9/15/2023,lgeldertjt@umn.edu,217-505-9305
715,Randolph,Kenwood,81,Male,documento,057370748-0,12/18/2022,rkenwoodju@youtube.com,930-940-2945
716,Darda,Truder,81,Female,documento,861539281-1,4/6/2023,dtruderjv@wunderground.com,900-205-5376
717,Judye,Barradell,50,Female,otro,426922674-9,9/24/2023,jbarradelljw@berkeley.edu,119-205-7959
718,Alaine,Moukes,39,Female,pasaporte,990223114-4,7/24/2023,amoukesjx@vk.com,188-580-3753
719,Kassia,Ricciardi,80,Non-binary,otro,521070545-5,3/8/2023,kricciardijy@themeforest.net,521-994-1868
720,Trixi,Reditt,37,Female,documento,740311138-9,6/20/2023,tredittjz@walmart.com,344-609-5980
721,Ann,Conford,30,Female,documento,414564037-3,7/4/2023,aconfordk0@imgur.com,106-454-7747
722,Celinka,Reburn,75,Female,documento,556751136-1,1/28/2023,creburnk1@technorati.com,831-740-9232
723,Horatio,Keir,37,Male,documento,482938733-5,10/20/2023,hkeirk2@amazon.co.uk,634-265-1296
724,Federico,Tadgell,81,Male,otro,681540703-9,1/16/2023,ftadgellk3@barnesandnoble.com,115-250-8040
725,Dieter,McNee,69,Male,otro,451609468-1,9/21/2023,dmcneek4@desdev.cn,668-430-4419
726,Sianna,Suggitt,81,Female,pasaporte,498729277-7,7/10/2023,ssuggittk5@discuz.net,160-440-9739
727,Evangelia,Sawdon,24,Female,documento,051504668-X,11/24/2022,esawdonk6@addthis.com,121-731-8748
728,Sissy,Cadogan,77,Female,documento,913733530-8,4/21/2023,scadogank7@utexas.edu,140-333-7411
729,Jerrilee,Degue,54,Female,documento,015719989-4,6/8/2023,jdeguek8@nationalgeographic.com,870-186-7882
730,Maury,Guttridge,80,Male,otro,544277943-1,6/20/2023,mguttridgek9@va.gov,377-983-3761
731,Base,Dyche,31,Male,pasaporte,968072971-0,12/29/2022,bdycheka@imgur.com,721-602-0310
732,Maurie,Worvell,85,Male,otro,495376437-4,9/14/2023,mworvellkb@1688.com,204-796-1007
733,Kattie,Snowsill,21,Female,pasaporte,357289731-9,6/3/2023,ksnowsillkc@bizjournals.com,983-238-3470
734,Llewellyn,Stubs,62,Male,documento,423585779-7,8/19/2023,lstubskd@ow.ly,789-165-2641
735,Gaylord,Barhem,83,Male,otro,929165194-X,12/12/2022,gbarhemke@liveinternet.ru,161-867-7378
736,Rosene,Swin,18,Genderfluid,documento,350643121-8,3/25/2023,rswinkf@t.co,790-141-2758
737,Brandie,Manuelli,32,Female,pasaporte,946938740-6,1/6/2023,bmanuellikg@msu.edu,556-398-5322
738,Garv,Doudney,46,Male,otro,859305029-8,10/14/2023,gdoudneykh@unesco.org,240-250-4825
739,Pru,O'Carrol,52,Female,pasaporte,089111724-5,10/5/2023,pocarrolki@reverbnation.com,310-115-2786
740,Willi,Grassin,57,Male,otro,122290349-0,12/4/2022,wgrassinkj@tuttocitta.it,366-229-5196
741,Nerty,Enns,29,Female,documento,078751817-4,11/14/2023,nennskk@bbb.org,142-710-9451
742,Valentina,Toppes,49,Female,pasaporte,691030677-5,3/16/2023,vtoppeskl@xinhuanet.com,515-660-7157
743,Sapphira,Luna,59,Female,pasaporte,160287575-8,7/22/2023,slunakm@hatena.ne.jp,931-887-9374
744,Dasie,Ranscomb,37,Female,pasaporte,183831507-1,12/25/2022,dranscombkn@upenn.edu,189-825-1220
745,Sylvan,Sugg,33,Male,otro,431189049-4,7/4/2023,ssuggko@vinaora.com,534-581-2065
746,Stephenie,Pocke,47,Female,pasaporte,320298507-8,12/26/2022,spockekp@flavors.me,713-326-4158
747,Peyton,Greenhalgh,26,Male,documento,394012112-6,4/4/2023,pgreenhalghkq@hostgator.com,308-747-4644
748,Ricoriki,Lyokhin,18,Male,otro,798753120-0,1/5/2023,rlyokhinkr@cloudflare.com,246-745-0500
749,Mack,Dowdle,63,Male,pasaporte,292972345-9,4/3/2023,mdowdleks@illinois.edu,163-664-4622
750,Any,Langelaan,58,Male,pasaporte,945883697-2,10/6/2023,alangelaankt@comsenz.com,590-508-0751
751,Jeanelle,McGarva,42,Female,pasaporte,185160836-2,4/26/2023,jmcgarvaku@archive.org,291-356-1016
752,Janos,Darrington,63,Male,documento,359045644-2,9/20/2023,jdarringtonkv@blogs.com,754-563-0093
753,Linnet,Veryard,58,Female,pasaporte,252562141-7,4/18/2023,lveryardkw@archive.org,477-766-3379
754,Terrence,Maben,29,Male,pasaporte,721160295-3,6/1/2023,tmabenkx@amazon.de,333-290-3832
755,Amandi,Coad,41,Female,otro,129055535-4,11/1/2023,acoadky@marketwatch.com,686-629-3470
756,Jamil,Fist,48,Male,documento,824787080-0,5/15/2023,jfistkz@ifeng.com,494-979-5800
757,Aggie,Kid,25,Female,pasaporte,380733924-8,10/15/2023,akidl0@ocn.ne.jp,483-537-0379
758,Rasia,Michell,36,Female,documento,685120947-0,8/26/2023,rmichelll1@examiner.com,154-578-2712
759,Hester,Sherebrook,54,Genderqueer,pasaporte,420208678-3,3/19/2023,hsherebrookl2@networkadvertising.org,311-955-2039
760,Rachael,McIndoe,47,Female,pasaporte,107102467-1,3/8/2023,rmcindoel3@dion.ne.jp,512-634-7985
761,Margarette,Sirkett,28,Agender,pasaporte,069453367-X,2/17/2023,msirkettl4@com.com,383-224-5787
762,Allis,Grichukhanov,68,Female,otro,766719822-5,7/24/2023,agrichukhanovl5@mapquest.com,367-489-4295
763,Reinaldos,Matson,31,Male,documento,420739296-3,10/1/2023,rmatsonl6@huffingtonpost.com,855-923-2046
764,Mick,Squibe,66,Male,pasaporte,409304883-5,7/5/2023,msquibel7@alibaba.com,418-156-1036
765,Kaylil,Jerram,52,Female,otro,660445449-5,7/26/2023,kjerraml8@ft.com,985-400-9324
766,Sean,Jobern,59,Female,otro,421783371-7,12/14/2022,sjobernl9@cdbaby.com,703-876-0692
767,Janos,Reaney,59,Male,pasaporte,638943642-4,11/15/2022,jreaneyla@homestead.com,756-924-2159
768,Zedekiah,Mapston,52,Male,pasaporte,154667805-0,4/25/2023,zmapstonlb@cbsnews.com,262-653-7226
769,Zondra,Stopps,31,Female,otro,969422799-2,7/12/2023,zstoppslc@4shared.com,232-299-5904
770,Paten,Iskov,56,Male,documento,977632090-2,2/4/2023,piskovld@themeforest.net,426-101-1947
771,Franky,Maccrea,18,Male,pasaporte,274766157-1,4/15/2023,fmaccreale@elegantthemes.com,573-173-5378
772,Junette,Amaya,64,Female,otro,496080752-0,2/24/2023,jamayalf@plala.or.jp,127-503-4179
773,Leyla,Van Salzberger,34,Female,documento,904732357-2,7/30/2023,lvansalzbergerlg@telegraph.co.uk,156-688-5684
774,Christen,Skitterel,43,Female,documento,484448665-9,9/16/2023,cskitterellh@lycos.com,988-595-3641
775,Adelice,Adan,49,Female,pasaporte,782982746-X,10/6/2023,aadanli@ebay.com,885-371-2333
776,Nerti,Jakoubek,50,Non-binary,documento,376226104-0,1/9/2023,njakoubeklj@uol.com.br,187-298-0500
777,Reynard,McGready,57,Male,otro,929650280-2,6/15/2023,rmcgreadylk@ning.com,822-880-1809
778,Lawrence,Leynton,27,Male,documento,468938845-8,4/2/2023,lleyntonll@deviantart.com,729-780-1538
779,Marlon,Largen,72,Male,pasaporte,089073207-8,8/28/2023,mlargenlm@oakley.com,202-217-2917
780,Estrella,Arthey,27,Female,documento,276191935-1,8/12/2023,eartheyln@hhs.gov,515-544-2178
781,Terrance,Edgell,35,Male,documento,379013652-2,9/5/2023,tedgelllo@people.com.cn,144-321-0846
782,Kayle,Scollard,16,Female,pasaporte,791939189-X,6/2/2023,kscollardlp@uiuc.edu,315-803-3399
783,Anselm,Coldridge,82,Male,documento,265545150-3,1/5/2023,acoldridgelq@studiopress.com,481-192-8660
784,Courtenay,Getcliffe,85,Female,otro,010670246-7,11/26/2022,cgetcliffelr@blogger.com,711-226-2374
785,Winnie,Grishin,73,Female,documento,278856522-4,8/19/2023,wgrishinls@xrea.com,555-586-5091
786,Jarrid,Spellar,48,Male,pasaporte,063898264-2,10/30/2023,jspellarlt@de.vu,930-893-1165
787,Sholom,Chilles,61,Male,pasaporte,886925577-8,12/25/2022,schilleslu@technorati.com,301-674-5314
788,Debby,Pleasaunce,21,Female,pasaporte,440057351-6,4/25/2023,dpleasauncelv@prnewswire.com,696-562-5926
789,Doreen,Keough,68,Female,documento,202211134-6,6/18/2023,dkeoughlw@wired.com,383-907-7977
790,Lusa,Lindenberg,26,Female,pasaporte,841400560-8,5/28/2023,llindenberglx@nhs.uk,128-408-4231
791,Adrian,Darch,38,Polygender,documento,799345166-3,7/13/2023,adarchly@nytimes.com,974-354-6959
792,Kenyon,Weal,27,Male,otro,144772095-4,4/15/2023,kweallz@fastcompany.com,323-491-0130
793,Bathsheba,Joron,29,Female,documento,093059848-2,4/9/2023,bjoronm0@mit.edu,671-913-5186
794,Mathian,Brightwell,51,Male,otro,628835371-X,3/23/2023,mbrightwellm1@qq.com,968-244-3250
795,Garwin,Addey,81,Male,pasaporte,326784332-4,3/28/2023,gaddeym2@wikimedia.org,728-141-1839
796,Rosemaria,Kitley,39,Female,pasaporte,414411351-5,11/29/2022,rkitleym3@angelfire.com,202-564-6211
797,Binni,Mattson,47,Female,otro,010050460-4,3/9/2023,bmattsonm4@usatoday.com,749-777-3580
798,Arlan,Morrel,60,Male,pasaporte,604959168-7,5/15/2023,amorrelm5@sphinn.com,979-206-5494
799,Martyn,Rubinovici,83,Male,pasaporte,939672809-8,5/13/2023,mrubinovicim6@hp.com,932-572-4046
800,Hyacinthe,Starkey,37,Female,pasaporte,889029986-X,7/28/2023,hstarkeym7@cornell.edu,396-703-1578
801,Edward,Glasheen,26,Male,documento,752421204-6,1/2/2023,eglasheenm8@canalblog.com,693-805-3887
802,Gibbie,Boydle,59,Male,pasaporte,498654777-1,4/25/2023,gboydlem9@dyndns.org,438-105-7162
803,Launce,Brislawn,38,Male,documento,581316550-9,12/1/2022,lbrislawnma@noaa.gov,617-893-9036
804,Astrid,McAdam,39,Agender,documento,670608198-1,11/9/2023,amcadammb@networkadvertising.org,892-852-9168
805,Alanson,Davydochkin,58,Male,otro,047614028-5,7/21/2023,adavydochkinmc@nifty.com,455-255-8619
806,Leonidas,Croll,35,Male,pasaporte,082495713-X,8/9/2023,lcrollmd@mapy.cz,407-901-6617
807,Asia,Gyles,40,Female,pasaporte,502140327-3,12/10/2022,agylesme@tmall.com,862-865-5020
808,Sherwin,Bolzmann,15,Male,documento,057454182-9,5/11/2023,sbolzmannmf@booking.com,154-700-3173
809,Rayner,Bellinger,71,Male,documento,144335141-5,6/7/2023,rbellingermg@sakura.ne.jp,402-467-0258
810,Isabelle,Schneidar,30,Female,documento,884110372-8,5/19/2023,ischneidarmh@craigslist.org,430-751-3071
811,Hollie,Guwer,27,Genderfluid,pasaporte,556580922-3,12/5/2022,hguwermi@sogou.com,591-325-9189
812,Marsiella,Geake,76,Female,otro,370606102-3,6/6/2023,mgeakemj@linkedin.com,964-338-4503
813,Zolly,Barnett,31,Male,pasaporte,303594678-7,10/21/2023,zbarnettmk@linkedin.com,469-600-0382
814,Natasha,Bransdon,25,Female,otro,072367353-5,6/1/2023,nbransdonml@apache.org,875-999-5730
815,Zsazsa,Derrick,70,Female,pasaporte,973733461-2,10/25/2023,zderrickmm@delicious.com,888-730-2461
816,Lori,Monteath,45,Female,documento,456999703-1,10/12/2023,lmonteathmn@fastcompany.com,130-112-3549
817,Hortensia,Ryburn,62,Female,otro,692059870-1,1/17/2023,hryburnmo@ustream.tv,122-942-6473
818,Darbee,Edelston,66,Male,pasaporte,355578941-4,3/10/2023,dedelstonmp@nasa.gov,898-559-7590
819,Patrizio,Dobbing,19,Male,documento,873377095-6,2/12/2023,pdobbingmq@craigslist.org,142-931-5209
820,Philip,Strelitzki,15,Male,documento,013498079-4,9/16/2023,pstrelitzkimr@goodreads.com,932-470-3826
821,Tannie,Savine,52,Male,pasaporte,177084799-5,10/13/2023,tsavinems@ask.com,713-110-1900
822,Baxie,Dallas,50,Male,documento,768829295-6,10/25/2023,bdallasmt@tumblr.com,518-860-9649
823,Nataline,Dunkinson,78,Female,documento,536079315-5,8/29/2023,ndunkinsonmu@unblog.fr,282-623-0661
824,Carl,Hatherley,85,Male,otro,268240565-7,10/10/2023,chatherleymv@hibu.com,846-925-8503
825,Sallyanne,Hanshaw,49,Female,pasaporte,634272103-3,6/19/2023,shanshawmw@oracle.com,410-291-4460
826,Joeann,Mose,32,Female,documento,808181092-7,7/10/2023,jmosemx@mail.ru,655-477-7231
827,Chevalier,Chalke,49,Male,otro,244771646-X,10/12/2023,cchalkemy@alibaba.com,499-408-8219
828,Lucy,Jouannisson,83,Female,documento,466784241-5,1/9/2023,ljouannissonmz@arizona.edu,867-858-9642
829,Halsy,Neve,64,Male,pasaporte,408810500-1,7/31/2023,hneven0@opera.com,751-692-2596
830,Regen,Jancso,47,Male,otro,461630992-2,7/10/2023,rjancson1@google.com.au,218-905-9039
831,Doralia,Gadie,18,Female,documento,744167972-9,10/31/2023,dgadien2@blogspot.com,344-846-8443
832,Benjie,Pawelke,45,Bigender,otro,315005845-7,5/31/2023,bpawelken3@123-reg.co.uk,621-866-8398
833,Ashil,Lansdowne,61,Female,documento,672525907-3,3/14/2023,alansdownen4@xrea.com,297-591-8438
834,Rowland,Girk,60,Male,pasaporte,909282322-8,5/2/2023,rgirkn5@gmpg.org,618-604-9473
835,Parrnell,Patesel,22,Male,pasaporte,953385374-3,3/24/2023,ppateseln6@chicagotribune.com,282-641-7766
836,Fayre,Matteo,37,Female,pasaporte,485027807-8,4/26/2023,fmatteon7@hugedomains.com,853-808-4722
837,Lyell,Tandey,19,Genderqueer,otro,343371949-7,3/2/2023,ltandeyn8@amazonaws.com,441-839-0655
838,Galen,Kollach,57,Male,documento,851394556-0,8/28/2023,gkollachn9@webeden.co.uk,852-968-8504
839,Courtnay,Belding,44,Male,documento,487206484-4,3/17/2023,cbeldingna@artisteer.com,445-911-9712
840,Ogden,Brogi,57,Male,otro,352440768-4,5/1/2023,obroginb@amazon.co.uk,111-525-5473
841,Lou,Cuchey,39,Male,documento,012642766-6,1/23/2023,lcucheync@istockphoto.com,351-380-1275
842,Nicky,Tipton,84,Male,otro,337123899-7,6/7/2023,ntiptonnd@infoseek.co.jp,537-338-1086
843,Dorice,Cockman,85,Female,otro,838206414-0,6/30/2023,dcockmanne@exblog.jp,886-298-3352
844,Becky,Barlow,64,Female,otro,963397508-5,12/13/2022,bbarlownf@linkedin.com,508-220-6396
845,Reinold,Stollenberg,24,Male,otro,716234924-2,11/12/2023,rstollenbergng@zdnet.com,938-442-3120
846,Aura,Okenfold,40,Female,documento,125477593-5,10/27/2023,aokenfoldnh@ed.gov,939-812-6947
847,Audi,Trevethan,85,Female,pasaporte,633842154-3,10/15/2023,atrevethanni@odnoklassniki.ru,964-540-1505
848,Cornelius,Kobieriecki,60,Male,documento,134749240-2,8/14/2023,ckobierieckinj@soundcloud.com,197-635-1817
849,Duffy,Chidler,61,Male,otro,987598132-X,11/6/2023,dchidlernk@hp.com,722-876-0440
850,Sinclare,Lozano,83,Male,pasaporte,264120073-2,2/9/2023,slozanonl@woothemes.com,960-244-2923
851,Cornie,Formoy,54,Male,otro,586096313-0,3/13/2023,cformoynm@yale.edu,346-446-9053
852,Dale,Netti,75,Female,pasaporte,217282041-5,3/24/2023,dnettinn@xing.com,631-246-6885
853,Jo,Kassman,84,Male,documento,981892438-X,2/11/2023,jkassmanno@netlog.com,244-750-0209
854,Dorene,Mechan,33,Female,documento,361077012-0,6/15/2023,dmechannp@phoca.cz,225-982-2364
855,Gerrie,Clayden,60,Female,pasaporte,433122725-1,1/23/2023,gclaydennq@list-manage.com,330-772-8088
856,Nelly,Cardinal,24,Non-binary,documento,481608000-7,4/5/2023,ncardinalnr@csmonitor.com,191-240-3267
857,Keen,Zimmermanns,56,Male,otro,001662740-7,3/11/2023,kzimmermannsns@independent.co.uk,945-181-8717
858,Kevon,Moorwood,72,Male,otro,580380364-2,2/4/2023,kmoorwoodnt@ow.ly,456-678-1826
859,North,Little,75,Male,documento,296816384-1,9/16/2023,nlittlenu@dell.com,561-721-6040
860,Karie,Owttrim,75,Female,pasaporte,868245188-3,1/10/2023,kowttrimnv@statcounter.com,411-578-2460
861,Ruby,Lortz,23,Male,documento,095502945-7,4/27/2023,rlortznw@yolasite.com,245-980-6166
862,Arvie,Prosser,61,Non-binary,otro,170673116-7,3/24/2023,aprossernx@parallels.com,218-845-5592
863,Katerina,Ohm,17,Female,documento,760696878-0,4/5/2023,kohmny@mac.com,665-357-8009
864,Odo,Richemont,51,Male,documento,653329350-8,10/17/2023,orichemontnz@eepurl.com,627-586-0116
865,Alfonso,Overy,68,Male,otro,563906991-0,1/22/2023,aoveryo0@about.com,331-162-3267
866,Ilario,Patsall,78,Non-binary,otro,271072044-2,11/26/2022,ipatsallo1@washingtonpost.com,857-512-5550
867,Major,Ebbens,40,Male,otro,316026378-9,11/21/2022,mebbenso2@naver.com,462-197-7364
868,Garland,Larciere,79,Female,pasaporte,036445491-1,9/11/2023,glarciereo3@goo.gl,237-292-0907
869,Annabal,Cockling,73,Female,pasaporte,882002520-5,9/19/2023,acocklingo4@who.int,630-131-4000
870,Tremayne,Covert,37,Male,pasaporte,889231418-1,7/10/2023,tcoverto5@businessinsider.com,822-577-2220
871,Dorelia,Keel,27,Non-binary,pasaporte,008803949-8,11/8/2023,dkeelo6@sciencedirect.com,284-829-1238
872,Glenden,Moen,64,Male,otro,606866954-8,4/16/2023,gmoeno7@twitpic.com,453-842-1394
873,Becki,MacCartan,41,Female,documento,326926153-5,3/6/2023,bmaccartano8@hao123.com,739-439-6007
874,Conrado,Ineson,35,Male,otro,761518933-0,5/25/2023,cinesono9@ed.gov,656-336-2902
875,Dael,Lawty,29,Male,otro,861491067-3,9/2/2023,dlawtyoa@yellowbook.com,784-944-8048
876,Abramo,Goodbarr,58,Male,documento,541237085-3,10/19/2023,agoodbarrob@time.com,938-921-5051
877,Seth,Hayfield,80,Male,documento,777417533-4,2/24/2023,shayfieldoc@so-net.ne.jp,982-467-0905
878,Selestina,McAvey,70,Female,documento,810057189-9,4/1/2023,smcaveyod@over-blog.com,964-891-9665
879,Binky,MacBean,18,Male,otro,341792749-8,12/19/2022,bmacbeanoe@opensource.org,924-315-6178
880,Davina,Mitcham,78,Female,documento,296798511-2,6/7/2023,dmitchamof@odnoklassniki.ru,540-193-7116
881,Dorothy,Arunowicz,78,Non-binary,pasaporte,880474201-1,9/15/2023,darunowiczog@wp.com,936-382-0151
882,Murry,Ranson,56,Male,documento,542976595-3,8/22/2023,mransonoh@vimeo.com,726-714-1424
883,Audra,Yushkov,80,Female,otro,515313505-5,8/3/2023,ayushkovoi@zdnet.com,339-928-8144
884,Aleksandr,Tyrie,77,Male,otro,063851140-2,11/30/2022,atyrieoj@comcast.net,819-928-0965
885,Carmen,Banaszewski,32,Female,documento,550769530-X,6/22/2023,cbanaszewskiok@alibaba.com,604-215-8499
886,Arturo,Finnis,77,Male,documento,331803777-X,3/24/2023,afinnisol@amazonaws.com,198-808-3943
887,Helsa,Redborn,49,Female,otro,473870488-5,2/27/2023,hredbornom@wix.com,286-354-8435
888,Helyn,Aguirrezabala,36,Female,documento,570409746-4,7/11/2023,haguirrezabalaon@altervista.org,141-839-2985
889,Cindee,Wink,30,Female,documento,604419953-3,7/17/2023,cwinkoo@blogspot.com,724-465-3743
890,Freeland,Kembrey,65,Male,pasaporte,597207716-7,4/12/2023,fkembreyop@furl.net,119-413-6072
891,Atlante,Scarce,35,Female,otro,092285453-X,1/19/2023,ascarceoq@phoca.cz,190-763-1288
892,Sabra,Caple,84,Female,documento,335672868-7,6/17/2023,scapleor@usatoday.com,549-753-6643
893,Franky,Knobell,25,Female,pasaporte,600980978-9,1/11/2023,fknobellos@vimeo.com,599-334-7097
894,Parnell,Lumbley,52,Male,pasaporte,638701917-6,2/9/2023,plumbleyot@ask.com,902-767-1692
895,Marcelline,Wanden,71,Female,otro,476544290-X,9/1/2023,mwandenou@skyrock.com,179-880-4894
896,Gay,Filpi,43,Female,pasaporte,938378551-9,12/25/2022,gfilpiov@netlog.com,507-445-4478
897,Omar,Runnett,81,Male,documento,020279534-9,4/14/2023,orunnettow@plala.or.jp,318-336-0482
898,Darbie,Askin,52,Female,documento,347943428-2,2/3/2023,daskinox@state.gov,981-203-5198
899,Krysta,Jahnke,68,Female,pasaporte,208033536-7,5/30/2023,kjahnkeoy@youtu.be,110-421-4177
900,Kilian,Nowland,46,Male,otro,839878002-9,5/12/2023,knowlandoz@360.cn,938-301-2595
901,Celeste,Causley,48,Female,documento,613841944-8,1/5/2023,ccausleyp0@wp.com,790-428-4612
902,Tremaine,Bernaciak,50,Male,otro,424615229-3,3/13/2023,tbernaciakp1@cdbaby.com,790-918-3965
903,Niels,Karolovsky,54,Male,documento,827464451-4,10/26/2023,nkarolovskyp2@youtube.com,212-463-9617
904,Hewie,Giscken,16,Male,otro,730884573-7,12/26/2022,hgisckenp3@opensource.org,792-118-1802
905,Tabor,Blaszczak,72,Male,pasaporte,622306401-2,5/22/2023,tblaszczakp4@redcross.org,452-848-9302
906,Eden,Cossington,77,Female,pasaporte,816217769-8,2/7/2023,ecossingtonp5@artisteer.com,208-922-2180
907,Karrah,Baulcombe,75,Female,documento,094262253-7,8/18/2023,kbaulcombep6@webeden.co.uk,418-821-5134
908,Marlie,Stopps,30,Female,documento,757884273-0,7/30/2023,mstoppsp7@xinhuanet.com,677-955-3966
909,Christoper,Massimo,34,Male,pasaporte,752482237-5,12/22/2022,cmassimop8@skyrock.com,340-505-9717
910,Anselma,Junkinson,69,Female,documento,082745018-4,3/11/2023,ajunkinsonp9@unc.edu,579-893-0797
911,Ricard,Parminter,68,Male,pasaporte,409372363-X,6/12/2023,rparminterpa@epa.gov,731-147-8374
912,Mirilla,Fortesquieu,68,Female,documento,628302289-8,10/4/2023,mfortesquieupb@mapy.cz,346-202-8264
913,Yasmin,Desvignes,51,Female,otro,799590661-7,6/11/2023,ydesvignespc@360.cn,413-676-3810
914,Annalise,Crusham,22,Female,documento,358164859-8,10/21/2023,acrushampd@theatlantic.com,595-888-2487
915,Netty,Le Page,20,Female,documento,620755406-X,7/15/2023,nlepagepe@creativecommons.org,307-394-9141
916,Kaylyn,Dunbleton,47,Female,documento,412809256-8,3/25/2023,kdunbletonpf@is.gd,382-283-3682
917,Shena,Beane,15,Female,documento,085716184-9,10/6/2023,sbeanepg@cargocollective.com,413-566-2176
918,Mirilla,Mulrenan,79,Female,pasaporte,051290010-8,3/26/2023,mmulrenanph@toplist.cz,489-913-0649
919,Eve,Alam,46,Female,pasaporte,613414313-8,2/19/2023,ealampi@blogger.com,351-764-8215
920,Kessiah,Coulling,30,Female,documento,908473275-8,11/1/2023,kcoullingpj@cornell.edu,511-427-6931
921,Valera,de Clerq,57,Female,documento,585512844-X,5/17/2023,vdeclerqpk@a8.net,326-297-4508
922,Monica,Nizard,15,Female,otro,807252351-1,4/18/2023,mnizardpl@usgs.gov,572-657-1462
923,Abel,Scorrer,19,Male,otro,228544844-9,10/12/2023,ascorrerpm@skyrock.com,300-842-0503
924,Loretta,Beneteau,19,Female,pasaporte,297331413-5,3/14/2023,lbeneteaupn@skype.com,842-946-4993
925,Inigo,Arrault,50,Male,documento,024108656-6,11/20/2022,iarraultpo@drupal.org,369-707-1365
926,Ulrick,McDool,36,Male,pasaporte,951806146-7,8/31/2023,umcdoolpp@networksolutions.com,649-561-2123
927,Dominique,Winskill,41,Female,pasaporte,899679206-3,4/9/2023,dwinskillpq@so-net.ne.jp,943-383-4785
928,Ben,Titterrell,62,Male,otro,457407439-6,1/26/2023,btitterrellpr@flavors.me,295-962-5750
929,Gary,Gallally,19,Male,pasaporte,807399574-3,9/24/2023,ggallallyps@123-reg.co.uk,342-936-0350
930,Gleda,Woodier,16,Female,otro,775936838-0,9/20/2023,gwoodierpt@opera.com,149-267-9611
931,Toby,Hailey,75,Male,pasaporte,654227435-9,2/12/2023,thaileypu@scribd.com,798-473-2298
932,Vin,Spurdle,15,Female,documento,361354741-4,6/10/2023,vspurdlepv@engadget.com,350-641-2952
933,Alvie,Whatson,39,Male,documento,365135068-1,9/4/2023,awhatsonpw@last.fm,214-612-6961
934,Ferguson,Yates,29,Polygender,documento,411882906-1,1/26/2023,fyatespx@fema.gov,266-379-0165
935,Sibilla,Severs,60,Female,documento,434864077-7,2/14/2023,sseverspy@wordpress.org,751-501-4247
936,Arlin,Gayther,76,Male,otro,143189526-1,2/10/2023,agaytherpz@answers.com,979-881-5141
937,Victoria,Kingham,57,Female,otro,168969487-4,8/27/2023,vkinghamq0@sun.com,615-142-2409
938,Corina,Pindar,54,Female,documento,068839735-2,1/7/2023,cpindarq1@live.com,414-691-1580
939,Lloyd,Cupitt,55,Male,otro,629881193-1,3/8/2023,lcupittq2@godaddy.com,803-112-9256
940,Kalina,Turpin,35,Female,pasaporte,690516587-5,7/26/2023,kturpinq3@ucsd.edu,879-949-9813
941,Connor,Weir,71,Male,documento,774918544-5,6/7/2023,cweirq4@miitbeian.gov.cn,610-579-9362
942,Kele,Vardey,40,Male,pasaporte,472179739-7,12/8/2022,kvardeyq5@berkeley.edu,449-225-6649
943,Bendick,Ashburne,76,Genderfluid,documento,781060917-3,8/4/2023,bashburneq6@cdc.gov,861-678-5953
944,Sidnee,Rosenauer,62,Male,otro,589912558-6,6/16/2023,srosenauerq7@youtube.com,378-507-0313
945,Hayes,Leese,21,Genderqueer,pasaporte,607710041-2,6/12/2023,hleeseq8@liveinternet.ru,752-205-5288
946,Klaus,Heath,36,Male,otro,278626026-4,4/14/2023,kheathq9@businesswire.com,207-135-7766
947,Rowland,Tethacot,36,Male,documento,199743676-0,1/1/2023,rtethacotqa@tinypic.com,403-263-9130
948,Meggy,Mc-Kerley,37,Female,otro,297544861-9,9/10/2023,mmckerleyqb@msu.edu,739-449-2430
949,Jo-ann,MacKniely,47,Female,documento,147101087-2,6/12/2023,jmacknielyqc@engadget.com,228-268-8990
950,Fitz,Bundock,67,Male,documento,425723199-8,5/6/2023,fbundockqd@weebly.com,135-938-0006
951,Nikolia,Mangeot,63,Female,pasaporte,916425039-3,1/31/2023,nmangeotqe@java.com,996-458-3678
952,Donnajean,Brumbye,54,Female,pasaporte,763983691-3,12/26/2022,dbrumbyeqf@youku.com,599-894-5663
953,Morganne,Godrich,73,Female,pasaporte,376497264-5,8/1/2023,mgodrichqg@wordpress.com,585-586-9302
954,Vachel,Cunnow,43,Male,otro,326491915-X,12/2/2022,vcunnowqh@canalblog.com,881-948-7325
955,Bert,Cheesley,25,Female,documento,803002566-1,6/30/2023,bcheesleyqi@cbc.ca,141-308-3329
956,Wake,Eustice,37,Male,documento,146866566-9,3/19/2023,weusticeqj@comsenz.com,619-594-0292
957,Yolane,Diack,68,Female,documento,935487425-8,9/20/2023,ydiackqk@odnoklassniki.ru,550-483-9149
958,Paddy,Genery,19,Male,pasaporte,961131738-7,3/28/2023,pgeneryql@posterous.com,481-811-1331
959,Babita,Osbaldeston,47,Female,documento,381592685-8,7/1/2023,bosbaldestonqm@123-reg.co.uk,978-115-6326
960,Aldis,Poole,24,Male,otro,176388024-9,6/2/2023,apooleqn@google.com.au,885-526-2472
961,Nils,Delepine,56,Male,otro,846391629-5,3/13/2023,ndelepineqo@51.la,784-368-5191
962,Marji,Plumm,18,Female,pasaporte,549953514-0,9/24/2023,mplummqp@imageshack.us,893-681-8062
963,Bernie,Barnewall,45,Female,otro,088220819-5,6/17/2023,bbarnewallqq@wp.com,194-962-8227
964,Devi,Brauns,22,Female,documento,785706325-8,11/16/2022,dbraunsqr@bravesites.com,562-976-2704
965,Filide,Pechan,31,Female,pasaporte,992065694-1,12/23/2022,fpechanqs@apache.org,977-818-2289
966,Cort,Smeed,77,Male,otro,740656179-2,5/13/2023,csmeedqt@uol.com.br,650-334-7312
967,Hi,Dafydd,18,Male,otro,493018171-2,5/25/2023,hdafyddqu@netvibes.com,371-435-3796
968,Constantine,Albany,81,Male,pasaporte,453935222-9,11/26/2022,calbanyqv@moonfruit.com,168-997-9434
969,Consuelo,Clemot,41,Female,documento,860104121-3,5/8/2023,cclemotqw@timesonline.co.uk,897-633-9762
970,Carolyn,Duplock,37,Female,otro,888873283-7,12/10/2022,cduplockqx@eventbrite.com,564-972-8733
971,Robinson,Pottes,81,Male,pasaporte,719158737-7,5/10/2023,rpottesqy@msu.edu,394-129-1246
972,Cyndia,Le Page,52,Female,documento,175166496-1,9/3/2023,clepageqz@gov.uk,710-147-8024
973,Rowena,O' Markey,27,Female,pasaporte,087224611-6,6/4/2023,romarkeyr0@parallels.com,474-530-6870
974,Ly,Eickhoff,27,Male,otro,439649485-8,2/3/2023,leickhoffr1@amazonaws.com,872-899-2598
975,Willy,Satchell,56,Male,otro,093559707-7,3/24/2023,wsatchellr2@cnn.com,860-346-5123
976,Farly,Gercke,70,Male,otro,937119358-1,1/24/2023,fgercker3@studiopress.com,387-268-4128
977,Bat,Loffel,16,Male,otro,406442220-1,8/14/2023,bloffelr4@europa.eu,295-196-6316
978,Gary,Crehan,46,Male,otro,672225003-2,4/28/2023,gcrehanr5@mozilla.com,458-930-6487
979,Selig,MacHostie,78,Male,otro,507343974-0,8/20/2023,smachostier6@surveymonkey.com,816-954-0376
980,Roslyn,Keys,85,Female,otro,160525739-7,12/13/2022,rkeysr7@feedburner.com,371-997-8973
981,Nataniel,MacCourt,45,Male,pasaporte,044772725-7,12/23/2022,nmaccourtr8@altervista.org,955-651-9933
982,Jelene,Nelhams,41,Bigender,otro,381386653-X,6/28/2023,jnelhamsr9@webeden.co.uk,250-248-7643
983,Zane,Unwins,27,Male,otro,429712256-1,3/13/2023,zunwinsra@vimeo.com,449-533-0703
984,Sonnie,Rivers,43,Male,pasaporte,130089108-4,5/9/2023,sriversrb@dailymail.co.uk,926-528-5577
985,Terence,Bowller,26,Male,documento,042897598-4,4/11/2023,tbowllerrc@ezinearticles.com,648-774-9165
986,Heather,Nye,30,Female,documento,439988514-9,12/21/2022,hnyerd@indiatimes.com,235-318-6060
987,Noami,Helian,71,Female,documento,397447687-3,10/26/2023,nhelianre@netlog.com,384-865-2705
988,Joy,Rainer,30,Female,otro,644387895-7,10/1/2023,jrainerrf@wikimedia.org,938-482-1358
989,Rufus,Steet,84,Male,pasaporte,211321465-2,2/14/2023,rsteetrg@bloglovin.com,117-375-2948
990,Teddie,Hestrop,67,Agender,documento,784467055-X,12/22/2022,thestroprh@craigslist.org,106-636-8289
991,Nanni,Lydford,59,Female,documento,116031535-3,11/13/2023,nlydfordri@cnet.com,329-979-8184
992,Clarissa,Keeri,57,Female,documento,784049204-5,4/22/2023,ckeerirj@linkedin.com,713-141-6616
993,Giselle,Baldry,35,Female,otro,641113290-9,12/2/2022,gbaldryrk@nsw.gov.au,869-862-0446
994,Luz,Trymme,67,Female,pasaporte,784319683-8,2/5/2023,ltrymmerl@twitter.com,943-771-5108
995,Hilario,Ungerecht,55,Male,pasaporte,641656504-8,8/28/2023,hungerechtrm@hatena.ne.jp,383-246-4269
996,Trudi,Arnow,50,Female,otro,006036566-8,10/31/2023,tarnowrn@godaddy.com,924-239-1977
997,Mariska,Elijahu,15,Female,documento,663825800-1,7/16/2023,melijahuro@loc.gov,904-505-7374
998,Pamelina,McAlpine,64,Female,otro,409345145-1,6/7/2023,pmcalpinerp@dedecms.com,207-985-7079
999,Humfrey,Breton,67,Male,documento,668731553-6,12/1/2022,hbretonrq@g.co,142-920-4647
1000,Katrine,Muncie,55,Female,otro,100450492-6,8/8/2023,kmuncierr@nydailynews.com,164-855-1438
